uuid,spot_number,farm_name,municipality,ph,k,p,n
d175e96c,67,,Atok,7.2,1.0,0.0,0.0
6f8fe0d2,20,BSU Back,La Trinidad,6.4,0.0,2.0,0.0
jan16_0072,18,Strawberry Farm,La Trinidad,6.8,0.0,0.0,0.0
29c942a7,52,BSU Back,La Trinidad,6.4,0.0,2.0,0.0
9379dd82,34,BSU Back,La Trinidad,6.8,0.0,0.0,0.0
e091dc81,37,BSU Back,La Trinidad,7.2,0.0,2.0,0.0
04106bb5,52,BSU Back,La Trinidad,6.4,0.0,2.0,0.0
9baecef0,13,BSU Back,La Trinidad,5.8,0.0,0.0,0.0
ecbe2d21,95,,Atok,7.2,1.0,0.0,0.0
be415bf2,24,,Atok,7.2,2.0,2.0,0.0
jan16_0023,10,Strawberry Farm,La Trinidad,6.4,0.0,0.0,0.0
2b0155fa,160,,Atok,6.4,,2.0,0.0
2919648b,104,,Atok,7.2,0.0,0.0,0.0
3b9210e3,42,BSU Back,La Trinidad,6.4,0.0,2.0,0.0
843fff1f,15,SF,La Trinidad,6.8,0.0,0.0,0.0
59084a36,37,BSU Back,La Trinidad,7.2,0.0,2.0,0.0
0061a18d,62,BSU Back,La Trinidad,,0.0,2.0,0.0
020ef6fd,5,BSU Back,La Trinidad,6.8,0.0,0.0,0.0
jan16_0198,7,Strawberry Farm,La Trinidad,6.4,0.0,0.0,1.0
1d10db26,24,BSU Back,La Trinidad,7.2,0.0,0.0,0.0
94f622fe,68,,Atok,7.2,1.0,1.0,1.0
35d39f1f,87,,Atok,7.2,0.0,2.0,0.0
353c9f8e,3,BSU Back,La Trinidad,6.4,0.0,0.0,0.0
15da2e8f,31,BSU Back,La Trinidad,7.2,1.0,1.0,0.0
5f91dc99,10,,La Trinidad,6.4,0.0,0.0,0.0
dc19bba0,1,,Atok,6.4,2.0,0.0,0.0
0fc20c21,115,,Atok,6.8,1.0,1.0,0.0
a821316f,2,,Atok,6.4,2.0,0.0,1.0
bdbf07d9,43,BSU Back,La Trinidad,6.4,0.0,2.0,0.0
d6deed5d,159,,Atok,7.2,1.0,2.0,0.0
8eecd44b,48,BSU Back,La Trinidad,6.4,1.0,1.0,0.0
86b94bc6,150,,Atok,6.4,1.0,2.0,0.0
jan16_0197,7,Strawberry Farm,La Trinidad,6.4,0.0,0.0,1.0
57402b45,30,BSU Back,La Trinidad,6.8,0.0,2.0,0.0
1ab2786d,64,BSU Back,La Trinidad,,0.0,2.0,0.0
acc00303,4,BSU Back,La Trinidad,6.4,0.0,0.0,0.0
d9dd28c7,52,BSU Back,La Trinidad,6.4,0.0,2.0,0.0
218698f0,21,SF,La Trinidad,6.4,1.0,0.0,0.0
b7036234,115,,Atok,6.8,1.0,1.0,0.0
268dbc02,18,,La Trinidad,5.8,1.0,1.0,1.0
986d4e6a,51,BSU Back,La Trinidad,6.4,0.0,2.0,0.0
jan16_0138,25,Strawberry Farm,La Trinidad,6.8,0.0,0.0,0.0
jan16_0127,24,Strawberry Farm,La Trinidad,6.8,0.0,1.0,1.0
baddcb43,96,,Atok,7.2,1.0,1.0,0.0
0dc8cdd8,3,BSU Back,La Trinidad,6.4,0.0,0.0,0.0
3c61f9c3,61,BSU Back,La Trinidad,,0.0,2.0,0.0
18962136,161,,Atok,6.4,1.0,0.0,0.0
55c28fca,48,BSU Back,La Trinidad,6.4,1.0,1.0,0.0
bdf2c6f1,184,,Atok,6.4,1.0,1.0,0.0
48a2ab5d,2,,Atok,6.4,2.0,0.0,1.0
258bea1d,7,,Atok,6.4,2.0,2.0,0.0
b3628377,43,,Atok,7.2,2.0,2.0,0.0
52848437,13,,Atok,6.8,2.0,0.0,0.0
ab38c829,38,,Atok,6.0,2.0,2.0,0.0
c05d97ef,91,,Atok,7.2,0.0,0.0,0.0
1cc47a2a,96,,Atok,7.2,1.0,1.0,0.0
jan16_0031,13,Strawberry Farm,La Trinidad,6.4,0.0,0.0,0.0
a8d580c7,90,,Atok,7.2,0.0,2.0,0.0
5daa6099,31,BSU Back,La Trinidad,7.2,1.0,1.0,0.0
4ca9f0c2,42,BSU Back,La Trinidad,6.4,0.0,2.0,0.0
2d6936e7,140,,Atok,6.4,1.0,2.0,0.0
jan16_0060,17,Strawberry Farm,La Trinidad,6.8,1.0,0.0,0.0
280542fa,44,BSU Back,La Trinidad,6.8,0.0,2.0,0.0
5f4c56d2,43,BSU Back,La Trinidad,6.4,0.0,2.0,0.0
96a30446,35,,Atok,6.4,1.0,0.0,0.0
b1348dd8,65,BSU Back,La Trinidad,,0.0,1.0,0.0
204455c3,20,BSU Back,La Trinidad,6.4,0.0,2.0,0.0
3d4315d1,95,,Atok,7.2,1.0,0.0,0.0
88f86b32,55,BSU Back,La Trinidad,6.8,1.0,1.0,0.0
42d9dbf0,79,,Atok,7.2,1.0,2.0,1.0
jan16_0017,1,Strawberry Farm,La Trinidad,6.4,1.0,0.0,0.0
2699599b,55,BSU Back,La Trinidad,6.8,1.0,1.0,0.0
d8ec644e,30,BSU Back,La Trinidad,6.8,0.0,2.0,0.0
jan16_0189,5,Strawberry Farm,La Trinidad,6.8,0.0,0.0,0.0
jan16_0181,30,Strawberry Farm,La Trinidad,6.8,0.0,0.0,1.0
95e72b9f,38,BSU Back,La Trinidad,6.4,0.0,0.0,0.0
525f8879,38,BSU Back,La Trinidad,6.4,0.0,0.0,0.0
fd4978d6,39,BSU Back,La Trinidad,6.4,1.0,2.0,0.0
d37f1461,107,,Atok,7.2,0.0,1.0,0.0
4a4cc156,2,BSU Back,La Trinidad,6.4,0.0,0.0,0.0
e9b7009c,73,,Atok,7.2,1.0,1.0,1.0
785770be,48,BSU Back,La Trinidad,6.4,1.0,1.0,0.0
b0be4a11,2,BSU Back,La Trinidad,6.4,0.0,0.0,0.0
3c47cabf,20,BSU Back,La Trinidad,6.4,0.0,2.0,0.0
0a9a2d7d,47,,Atok,7.2,2.0,0.0,0.0
d9fd1713,150,,Atok,6.4,1.0,2.0,0.0
2f2b6b1a,11,BSU Back,La Trinidad,5.8,1.0,0.0,0.0
9c7c339f,58,BSU Back,La Trinidad,,1.0,1.0,0.0
e633d8ba,48,BSU Back,La Trinidad,6.4,1.0,1.0,0.0
a82d3306,39,BSU Back,La Trinidad,6.4,1.0,2.0,0.0
4e636b99,44,,Atok,7.2,2.0,2.0,0.0
e6ce780d,169,,Atok,5.4,1.0,2.0,0.0
88418a5a,8,,Atok,6.8,2.0,0.0,0.0
f9407198,170,,Atok,7.2,,2.0,0.0
jan16_0145,26,Strawberry Farm,La Trinidad,7.2,0.0,0.0,0.0
106579e3,146,,Atok,7.2,1.0,2.0,0.0
6c6e7adf,24,BSU Back,La Trinidad,7.2,0.0,0.0,0.0
9c8236cf,153,,Atok,6.4,0.0,2.0,0.0
26bd446b,132,,Atok,6.8,1.0,2.0,0.0
e1372cd9,63,BSU Back,La Trinidad,,0.0,2.0,0.0
24fd4136,6,BSU Back,La Trinidad,6.4,0.0,0.0,0.0
ce40c095,23,BSU Back,La Trinidad,6.4,0.0,2.0,0.0
2d30445a,17,,Atok,6.4,2.0,0.0,0.0
5bda9e3b,9,BSU Back,La Trinidad,6.4,0.0,0.0,0.0
jan16_0158,28,Strawberry Farm,La Trinidad,6.8,1.0,0.0,1.0
1672af2b,47,BSU Back,La Trinidad,,0.0,2.0,0.0
ae0f9c55,13,SF,La Trinidad,6.4,0.0,0.0,0.0
f746b179,7,SF,La Trinidad,6.4,0.0,0.0,1.0
8092fb32,28,BSU Back,La Trinidad,6.8,1.0,0.0,0.0
cb04c1bc,117,,Atok,6.8,1.0,2.0,0.0
jan16_0006,12,Strawberry Farm,La Trinidad,6.4,0.0,1.0,0.0
5be52175,151,,Atok,7.2,1.0,1.0,0.0
64a7a504,38,BSU Back,La Trinidad,6.4,0.0,0.0,0.0
96608900,27,BSU Back,La Trinidad,6.8,0.0,1.0,0.0
c6520cdb,59,BSU Back,La Trinidad,,1.0,2.0,0.0
a8fc5f5d,62,BSU Back,La Trinidad,,0.0,2.0,0.0
2422912d,13,BSU Back,La Trinidad,5.8,0.0,0.0,0.0
4c91393d,52,BSU Back,La Trinidad,6.4,0.0,2.0,0.0
b787f0b1,43,BSU Back,La Trinidad,6.4,0.0,2.0,0.0
339353ba,120,,Atok,6.0,1.0,1.0,0.0
fd2c258e,47,,Atok,7.2,2.0,0.0,0.0
a100377c,50,BSU Back,La Trinidad,6.4,0.0,2.0,0.0
d29130d5,77,,Atok,7.2,1.0,1.0,1.0
b22be7cd,137,,Atok,7.2,1.0,2.0,0.0
jan16_0108,22,Strawberry Farm,La Trinidad,6.4,0.0,0.0,0.0
4172c84c,15,,Atok,6.4,2.0,0.0,0.0
1726310d,64,BSU Back,La Trinidad,,0.0,2.0,0.0
jan16_0079,19,Strawberry Farm,La Trinidad,6.8,0.0,1.0,0.0
231ee316,39,BSU Back,La Trinidad,6.4,1.0,2.0,0.0
e1fd8742,4,BSU Back,La Trinidad,6.4,0.0,0.0,0.0
434059df,25,SF,La Trinidad,6.8,0.0,0.0,0.0
jan16_0029,11,Strawberry Farm,La Trinidad,6.4,0.0,1.0,0.0
jan16_0141,26,Strawberry Farm,La Trinidad,7.2,0.0,0.0,0.0
90713ca7,19,,Atok,7.2,2.0,0.0,0.0
d42bf993,25,BSU Back,La Trinidad,7.2,0.0,2.0,0.0
437ad45c,64,BSU Back,La Trinidad,,0.0,2.0,0.0
jan16_0174,30,Strawberry Farm,La Trinidad,6.8,0.0,0.0,1.0
424a3850,20,SF,La Trinidad,6.0,0.0,0.0,0.0
1a15df12,150,,Atok,6.4,1.0,2.0,0.0
2d925aa4,34,BSU Back,La Trinidad,6.8,0.0,0.0,0.0
4aa4de84,30,BSU Back,La Trinidad,6.8,0.0,2.0,0.0
1cdc9903,32,BSU Back,La Trinidad,6.8,0.0,2.0,0.0
693f0a2f,65,BSU Back,La Trinidad,,0.0,1.0,0.0
9a5da00f,81,,Atok,6.8,1.0,1.0,0.0
72ed9e7e,33,BSU Back,La Trinidad,7.2,0.0,2.0,0.0
f14fe4af,132,,Atok,6.8,1.0,2.0,0.0
c25814d8,56,BSU Back,La Trinidad,6.4,1.0,2.0,0.0
2ab2dcfd,70,,Atok,7.2,0.0,0.0,0.0
f1ba6a74,62,BSU Back,La Trinidad,,0.0,2.0,0.0
2ab982d9,22,,Atok,7.2,2.0,2.0,0.0
fdae4e78,33,,Atok,6.4,1.0,0.0,0.0
0e08a21d,95,,Atok,7.2,1.0,0.0,0.0
9a40f441,30,BSU Back,La Trinidad,6.8,0.0,2.0,0.0
86c72466,35,BSU Back,La Trinidad,6.4,1.0,0.0,0.0
0ee3c852,84,,Atok,7.2,1.0,2.0,0.0
0585c14e,31,,Atok,5.8,2.0,1.0,0.0
f965e91f,47,BSU Back,La Trinidad,,0.0,2.0,0.0
cb14e652,50,BSU Back,La Trinidad,6.4,0.0,2.0,0.0
42b024fb,15,BSU Back,La Trinidad,6.8,0.0,0.0,0.0
252ddca7,140,,Atok,6.4,1.0,2.0,0.0
f67d2f26,120,,Atok,6.0,1.0,1.0,0.0
e3736274,135,,Atok,6.8,1.0,2.0,0.0
1974b62c,22,BSU Back,La Trinidad,6.4,0.0,2.0,0.0
jan16_0173,3,Strawberry Farm,La Trinidad,6.0,0.0,0.0,0.0
6defe3b3,183,,Atok,6.4,1.0,1.0,0.0
jan16_0019,10,Strawberry Farm,La Trinidad,6.4,0.0,0.0,0.0
5fddbd2e,13,BSU Back,La Trinidad,5.8,0.0,0.0,0.0
085a6b6b,22,BSU Back,La Trinidad,6.4,0.0,2.0,0.0
a9cd6677,32,BSU Back,La Trinidad,6.8,0.0,2.0,0.0
cb266dec,53,,Atok,6.8,2.0,2.0,0.0
266ef77c,146,,Atok,7.2,1.0,2.0,0.0
4983b9da,45,BSU Back,La Trinidad,6.4,0.0,2.0,0.0
acf9e380,22,BSU Back,La Trinidad,6.4,0.0,2.0,0.0
jan16_0169,3,Strawberry Farm,La Trinidad,6.0,0.0,0.0,0.0
4b75483e,48,BSU Back,La Trinidad,6.4,1.0,1.0,0.0
c0a7905d,39,BSU Back,La Trinidad,6.4,1.0,2.0,0.0
195352ee,10,BSU Back,La Trinidad,6.4,0.0,0.0,0.0
6848b15f,13,SF,La Trinidad,6.4,0.0,0.0,0.0
d1b00762,44,,Atok,7.2,2.0,2.0,0.0
7220e021,68,,Atok,7.2,1.0,1.0,1.0
jan16_0046,15,Strawberry Farm,La Trinidad,6.8,0.0,0.0,0.0
dd1b7be2,80,,Atok,6.8,0.0,2.0,0.0
916d253b,71,,Atok,6.8,1.0,0.0,0.0
09c6250c,21,BSU Back,La Trinidad,6.4,0.0,2.0,0.0
c187129c,50,BSU Back,La Trinidad,6.4,0.0,2.0,0.0
jan16_0003,12,Strawberry Farm,La Trinidad,6.4,0.0,1.0,0.0
8f850494,10,BSU Back,La Trinidad,6.4,0.0,0.0,0.0
3a095f49,68,,Atok,7.2,1.0,1.0,1.0
32277658,12,BSU Back,La Trinidad,6.8,0.0,0.0,0.0
9941aa25,127,,Atok,7.2,1.0,0.0,0.0
cfa47ba8,48,BSU Back,La Trinidad,6.4,1.0,1.0,0.0
e9df308a,49,BSU Back,La Trinidad,6.4,0.0,2.0,0.0
89f76c1f,62,BSU Back,La Trinidad,,0.0,2.0,0.0
1f5d548c,100,,Atok,7.2,0.0,1.0,0.0
7d2f4568,21,BSU Back,La Trinidad,6.4,0.0,2.0,0.0
a1287318,18,BSU Back,La Trinidad,5.8,1.0,1.0,1.0
9753f5d2,33,BSU Back,La Trinidad,7.2,0.0,2.0,0.0
32356d09,54,BSU Back,La Trinidad,6.4,0.0,2.0,0.0
jan16_0190,5,Strawberry Farm,La Trinidad,6.8,0.0,0.0,0.0
d0326bb8,13,BSU Back,La Trinidad,5.8,0.0,0.0,0.0
0d303873,59,BSU Back,La Trinidad,,1.0,2.0,0.0
ecb2289d,6,SF,La Trinidad,6.8,1.0,0.0,0.0
jan16_0053,15,Strawberry Farm,La Trinidad,6.8,0.0,0.0,0.0
7f54cd59,111,,Atok,6.8,1.0,1.0,0.0
da5db5e2,37,BSU Back,La Trinidad,7.2,0.0,2.0,0.0
6bd09b8d,9,,La Trinidad,6.4,0.0,0.0,0.0
4219943f,26,,Atok,6.4,2.0,0.0,0.0
92761616,56,BSU Back,La Trinidad,6.4,1.0,2.0,0.0
72653ab7,65,BSU Back,La Trinidad,,0.0,1.0,0.0
8f05d900,61,BSU Back,La Trinidad,,0.0,2.0,0.0
0a9f1e8e,180,,Atok,7.2,,1.0,0.0
d039ec64,24,BSU Back,La Trinidad,7.2,0.0,0.0,0.0
05e0b585,174,,Atok,7.2,1.0,2.0,0.0
e1822dab,34,BSU Back,La Trinidad,6.8,0.0,0.0,0.0
233e6321,41,BSU Back,La Trinidad,,1.0,2.0,0.0
d476c328,6,BSU Back,La Trinidad,6.4,0.0,0.0,0.0
03e7af99,26,BSU Back,La Trinidad,7.2,0.0,2.0,0.0
a368de4b,16,,Atok,7.2,2.0,0.0,1.0
512f4b0d,24,,Atok,7.2,2.0,2.0,0.0
jan16_0016,1,Strawberry Farm,La Trinidad,6.4,1.0,0.0,0.0
fb841be6,37,,Atok,6.0,2.0,2.0,0.0
6c88ac7d,2,BSU Back,La Trinidad,6.4,0.0,0.0,0.0
747c113f,127,,Atok,7.2,1.0,0.0,0.0
d60541a1,17,,Atok,6.4,2.0,0.0,0.0
9fd06765,18,BSU Back,La Trinidad,5.8,1.0,1.0,1.0
0ad87e2c,16,BSU Back,La Trinidad,6.8,1.0,0.0,0.0
de442941,54,,La Trinidad,,,,
cd33eca5,145,,Atok,6.8,0.0,1.0,0.0
b8112443,18,,Atok,6.0,2.0,0.0,0.0
2c98b4eb,24,SF,La Trinidad,6.8,0.0,1.0,1.0
21091e9b,85,,Atok,7.2,1.0,2.0,0.0
7314ab18,48,,Atok,7.2,1.0,1.0,0.0
9debee81,20,,Atok,6.0,2.0,1.0,0.0
3b9ec0df,47,BSU Back,La Trinidad,,0.0,2.0,0.0
efb6190f,141,,Atok,6.8,1.0,2.0,0.0
300025f1,33,BSU Back,La Trinidad,7.2,0.0,2.0,0.0
3229782d,46,,Atok,7.2,1.0,2.0,0.0
cd7e42bb,120,,Atok,6.0,1.0,1.0,0.0
54cb5121,37,,Atok,6.0,2.0,2.0,0.0
0478e7c3,45,BSU Back,La Trinidad,6.4,0.0,2.0,0.0
72f3cbe1,18,BSU Back,La Trinidad,5.8,1.0,1.0,1.0
cd277635,30,BSU Back,La Trinidad,6.8,0.0,2.0,0.0
4848d6a0,96,,Atok,7.2,1.0,1.0,0.0
jan16_0041,14,Strawberry Farm,La Trinidad,6.4,0.0,0.0,0.0
3d9b2f07,56,,Atok,7.2,2.0,2.0,0.0
acf7bb7d,9,BSU Back,La Trinidad,6.4,0.0,0.0,0.0
a11f563a,175,,Atok,6.4,1.0,2.0,0.0
0e97491f,171,,Atok,7.2,1.0,1.0,0.0
c744db62,143,,Atok,6.8,1.0,2.0,0.0
d7e26170,145,,Atok,6.8,0.0,1.0,0.0
011cf099,17,SF,La Trinidad,6.8,1.0,0.0,0.0
jan16_0071,18,Strawberry Farm,La Trinidad,6.8,0.0,0.0,0.0
0eb894f9,48,,Atok,7.2,1.0,1.0,0.0
93bc7d09,155,,Atok,6.8,1.0,0.0,0.0
d15dc6f1,60,BSU Back,La Trinidad,,1.0,2.0,0.0
96074190,28,,Atok,6.8,1.0,2.0,0.0
ca14a19b,166,,Atok,6.8,1.0,0.0,0.0
1cfdf70c,24,,Atok,7.2,2.0,2.0,0.0
3d791955,11,,Atok,6.8,2.0,0.0,1.0
6dd4e089,117,,Atok,6.8,1.0,2.0,0.0
f8e21acc,16,SF,La Trinidad,6.0,0.0,0.0,0.0
b63ddb6b,128,,Atok,5.8,1.0,2.0,0.0
2c08fda4,31,BSU Back,La Trinidad,7.2,1.0,1.0,0.0
75109355,43,,Atok,7.2,2.0,2.0,0.0
jan16_0207,9,Strawberry Farm,La Trinidad,7.2,0.0,0.0,0.0
2eb5ac04,61,BSU Back,La Trinidad,,0.0,2.0,0.0
cf352415,10,BSU Back,La Trinidad,6.4,0.0,0.0,0.0
1b863410,10,BSU Back,La Trinidad,6.4,0.0,0.0,0.0
a99d0d08,155,,Atok,6.8,1.0,0.0,0.0
a1f200bb,55,BSU Back,La Trinidad,6.8,1.0,1.0,0.0
9551e856,185,,Atok,7.2,2.0,2.0,0.0
9b48613c,100,,Atok,7.2,0.0,1.0,0.0
30388852,132,,Atok,6.8,1.0,2.0,0.0
74d0fae2,51,BSU Back,La Trinidad,6.4,0.0,2.0,0.0
jan16_0013,6,Strawberry Farm,La Trinidad,6.8,1.0,0.0,0.0
1b6197a0,47,BSU Back,La Trinidad,,0.0,2.0,0.0
4dfbd66f,131,,Atok,6.8,1.0,2.0,0.0
73c5854b,84,,Atok,7.2,1.0,2.0,0.0
ba018630,159,,Atok,7.2,1.0,2.0,0.0
ff0fd30c,10,BSU Back,La Trinidad,6.4,0.0,0.0,0.0
jan16_0040,14,Strawberry Farm,La Trinidad,6.4,0.0,0.0,0.0
c52b8e89,160,,Atok,6.4,,2.0,0.0
74b4d3e0,25,BSU Back,La Trinidad,7.2,0.0,2.0,0.0
5d7eb999,107,,Atok,7.2,0.0,1.0,0.0
1e5553d1,183,,Atok,6.4,1.0,1.0,0.0
fead2560,148,,Atok,6.8,1.0,2.0,0.0
87945df0,15,SF,La Trinidad,6.8,0.0,0.0,0.0
49495393,117,,Atok,6.8,1.0,2.0,0.0
1c3f795b,152,,Atok,7.2,0.0,1.0,0.0
2b8e52da,54,BSU Back,La Trinidad,6.4,0.0,2.0,0.0
e55c9cb5,17,SF,La Trinidad,6.8,1.0,0.0,0.0
1b85c11e,11,BSU Back,La Trinidad,5.8,1.0,0.0,0.0
1a6632ae,63,BSU Back,La Trinidad,,0.0,2.0,0.0
b8f8e29b,131,,Atok,6.8,1.0,2.0,0.0
50b0584a,111,,Atok,6.8,1.0,1.0,0.0
dee017a6,57,BSU Back,La Trinidad,6.4,1.0,2.0,0.0
b87533e5,12,,Atok,6.4,2.0,0.0,0.0
9489838a,66,,Atok,7.2,1.0,0.0,
808a0b58,167,,Atok,7.2,1.0,2.0,0.0
f781136b,1,BSU Back,La Trinidad,6.4,1.0,0.0,0.0
077806ae,27,,Atok,6.4,2.0,2.0,0.0
be7b0e20,36,BSU Back,La Trinidad,7.2,1.0,2.0,0.0
59b0027b,30,BSU Back,La Trinidad,6.8,0.0,2.0,0.0
jan16_0113,22,Strawberry Farm,La Trinidad,6.4,0.0,0.0,0.0
990f1abb,58,,Atok,7.2,1.0,2.0,0.0
b0973c28,39,,Atok,6.0,2.0,2.0,0.0
8c15db20,9,BSU Back,La Trinidad,6.4,0.0,0.0,0.0
806df71e,11,,Atok,6.8,2.0,0.0,1.0
5e8c7295,157,,Atok,6.4,1.0,1.0,0.0
7be4ca03,60,,Atok,7.2,1.0,1.0,0.0
d8d59e7e,55,BSU Back,La Trinidad,6.8,1.0,1.0,0.0
6740aa01,40,,Atok,6.4,1.0,1.0,1.0
00abc849,13,,La Trinidad,5.8,0.0,0.0,0.0
fc812d34,176,,Atok,5.4,1.0,2.0,0.0
dc5ca00d,82,,Atok,6.8,1.0,1.0,0.0
1f4a54e5,148,,Atok,6.8,1.0,2.0,0.0
36a132ed,12,BSU Back,La Trinidad,6.8,0.0,0.0,0.0
189d3cdc,10,BSU Back,La Trinidad,6.4,0.0,0.0,0.0
1eb065a2,175,,Atok,6.4,1.0,2.0,0.0
807e97a8,20,BSU Back,La Trinidad,6.4,0.0,2.0,0.0
jan16_0187,5,Strawberry Farm,La Trinidad,6.8,0.0,0.0,0.0
c13958fb,136,,Atok,7.2,1.0,1.0,0.0
e2b740b2,24,BSU Back,La Trinidad,7.2,0.0,0.0,0.0
890da27a,36,,Atok,6.4,2.0,2.0,0.0
47f549b9,53,BSU Back,La Trinidad,6.4,0.0,2.0,0.0
03616381,5,,Atok,6.4,2.0,0.0,1.0
cd9a137e,74,,Atok,7.2,2.0,1.0,0.0
01f4063f,48,BSU Back,La Trinidad,6.4,1.0,1.0,0.0
7abe8ee7,1,BSU Back,La Trinidad,6.4,1.0,0.0,0.0
4ad14889,20,BSU Back,La Trinidad,6.4,0.0,2.0,0.0
9c1cb82d,10,SF,La Trinidad,6.4,0.0,0.0,0.0
f069c9e5,75,,Atok,7.2,1.0,0.0,0.0
661a2fcd,40,,Atok,6.4,1.0,1.0,1.0
3463aec1,48,,Atok,7.2,1.0,1.0,0.0
136eb9cd,117,,Atok,6.8,1.0,2.0,0.0
8c802ee5,175,,Atok,6.4,1.0,2.0,0.0
2b33eda0,14,,La Trinidad,5.8,0.0,1.0,0.0
8ac27d83,12,BSU Back,La Trinidad,6.8,0.0,0.0,0.0
e0d80d7d,145,,Atok,6.8,0.0,1.0,0.0
668f951a,58,BSU Back,La Trinidad,,1.0,1.0,0.0
13129b91,183,,Atok,6.4,1.0,1.0,0.0
7da7dc35,10,,La Trinidad,6.4,0.0,0.0,0.0
jan16_0015,6,Strawberry Farm,La Trinidad,6.8,1.0,0.0,0.0
jan16_0007,12,Strawberry Farm,La Trinidad,6.4,0.0,1.0,0.0
888bf576,7,BSU Back,La Trinidad,6.4,1.0,1.0,0.0
eeeafd48,143,,Atok,6.8,1.0,2.0,0.0
e4ac55f9,48,BSU Back,La Trinidad,6.4,1.0,1.0,0.0
e896f4e9,8,BSU Back,La Trinidad,6.4,1.0,1.0,0.0
a2c21b9b,12,,La Trinidad,6.8,0.0,0.0,0.0
d1691c49,180,,Atok,7.2,,1.0,0.0
2d22b158,49,BSU Back,La Trinidad,6.4,0.0,2.0,0.0
cb84986b,95,,Atok,7.2,1.0,0.0,0.0
096f9dfb,64,BSU Back,La Trinidad,,0.0,2.0,0.0
251cc152,32,BSU Back,La Trinidad,6.8,0.0,2.0,0.0
643f5477,8,BSU Back,La Trinidad,6.4,1.0,1.0,0.0
jan16_0200,8,Strawberry Farm,La Trinidad,6.8,1.0,0.0,0.0
abcb336b,30,,Atok,5.8,1.0,0.0,0.0
afb4653c,72,,Atok,7.2,1.0,1.0,0.0
6dc8d495,19,,Atok,7.2,2.0,0.0,0.0
9ab67bbf,131,,Atok,6.8,1.0,2.0,0.0
9e8cbd2e,60,BSU Back,La Trinidad,,1.0,2.0,0.0
dcc2a4d8,73,,Atok,7.2,1.0,1.0,1.0
c4a75c02,175,,Atok,6.4,1.0,2.0,0.0
0c079a2f,16,,La Trinidad,6.8,1.0,0.0,0.0
a35f4f03,59,,Atok,7.2,2.0,2.0,0.0
a70f2bbb,37,,Atok,6.0,2.0,2.0,0.0
155e70d1,6,BSU Back,La Trinidad,6.4,0.0,0.0,0.0
4f67586e,16,,Atok,7.2,2.0,0.0,1.0
2d1dbb1d,65,BSU Back,La Trinidad,,0.0,1.0,0.0
79531a4a,132,,Atok,6.8,1.0,2.0,0.0
1cd3f55a,18,,La Trinidad,5.8,1.0,1.0,1.0
jan16_0134,25,Strawberry Farm,La Trinidad,6.8,0.0,0.0,0.0
219e28dc,41,BSU Back,La Trinidad,,1.0,2.0,0.0
25a6d5ff,31,BSU Back,La Trinidad,7.2,1.0,1.0,0.0
b9ef15aa,32,,Atok,6.0,1.0,2.0,0.0
c81d3c97,82,,Atok,6.8,1.0,1.0,0.0
0306fc6a,40,BSU Back,La Trinidad,6.4,0.0,2.0,0.0
jan16_0088,2,Strawberry Farm,La Trinidad,6.4,1.0,0.0,0.0
37b857f2,57,,Atok,7.2,1.0,2.0,0.0
9f5d5e9d,29,,Atok,4.8,1.0,2.0,0.0
b500ae93,13,,Atok,6.8,2.0,0.0,0.0
235aad83,7,BSU Back,La Trinidad,6.4,1.0,1.0,0.0
80caf325,151,,Atok,7.2,1.0,1.0,0.0
0e354bac,13,,Atok,6.8,2.0,0.0,0.0
6f8aca75,76,,Atok,7.2,1.0,2.0,0.0
fc1e061b,3,,Atok,6.4,2.0,1.0,0.0
febecd81,18,SF,La Trinidad,6.8,0.0,0.0,0.0
5f7e0b78,26,BSU Back,La Trinidad,7.2,0.0,2.0,0.0
c968296e,52,BSU Back,La Trinidad,6.4,0.0,2.0,0.0
324ef269,2,,Atok,6.4,2.0,0.0,1.0
47c2957c,175,,Atok,6.4,1.0,2.0,0.0
4222ada6,129,,Atok,5.8,0.0,2.0,0.0
f4ca084f,13,SF,La Trinidad,6.4,0.0,0.0,0.0
cdfb116a,85,,Atok,7.2,1.0,2.0,0.0
e1d93fa7,45,BSU Back,La Trinidad,6.4,0.0,2.0,0.0
8b9cbf94,9,SF,La Trinidad,7.2,0.0,0.0,0.0
jan16_0047,15,Strawberry Farm,La Trinidad,6.8,0.0,0.0,0.0
jan16_0069,17,Strawberry Farm,La Trinidad,6.8,1.0,0.0,0.0
jan16_0076,18,Strawberry Farm,La Trinidad,6.8,0.0,0.0,0.0
30855ed3,9,,Atok,6.4,2.0,1.0,0.0
368f12ab,1,,Atok,6.4,2.0,0.0,0.0
3f86e3db,111,,Atok,6.8,1.0,1.0,0.0
9f47b223,22,SF,La Trinidad,6.4,0.0,0.0,0.0
aed233ee,67,,Atok,7.2,1.0,0.0,0.0
0beb26a7,21,BSU Back,La Trinidad,6.4,0.0,2.0,0.0
111925e8,54,BSU Back,La Trinidad,6.4,0.0,2.0,0.0
7117b789,55,BSU Back,La Trinidad,6.8,1.0,1.0,0.0
49dda065,49,,Atok,6.8,1.0,1.0,0.0
104525fa,55,,La Trinidad,,,,
8b604acf,17,BSU Back,La Trinidad,5.8,1.0,0.0,0.0
cf2bca1e,52,,Atok,6.8,2.0,2.0,0.0
5842a69a,25,BSU Back,La Trinidad,7.2,0.0,2.0,0.0
968910da,10,BSU Back,La Trinidad,6.4,0.0,0.0,0.0
ad079800,167,,Atok,7.2,1.0,2.0,0.0
ca702814,119,,Atok,6.8,1.0,1.0,0.0
0d441527,10,BSU Back,La Trinidad,6.4,0.0,0.0,0.0
a9e4c4bf,141,,Atok,6.8,1.0,2.0,0.0
026a5da1,48,BSU Back,La Trinidad,6.4,1.0,1.0,0.0
6df4b02f,49,BSU Back,La Trinidad,6.4,0.0,2.0,0.0
f5c9a8f3,6,BSU Back,La Trinidad,6.4,0.0,0.0,0.0
d9f03d96,23,SF,La Trinidad,7.2,1.0,0.0,0.0
5375712a,7,BSU Back,La Trinidad,6.4,1.0,1.0,0.0
758f733d,52,,Atok,6.8,2.0,2.0,0.0
424e4c85,119,,Atok,6.8,1.0,1.0,0.0
ae1395ea,150,,Atok,6.4,1.0,2.0,0.0
4f872018,46,BSU Back,La Trinidad,6.4,0.0,2.0,0.0
709dd8dc,159,,Atok,7.2,1.0,2.0,0.0
3f430253,17,BSU Back,La Trinidad,5.8,1.0,0.0,0.0
ee05e9ea,28,,Atok,6.8,1.0,2.0,0.0
28e74afd,132,,Atok,6.8,1.0,2.0,0.0
9f3eea00,38,BSU Back,La Trinidad,6.4,0.0,0.0,0.0
jan16_0142,26,Strawberry Farm,La Trinidad,7.2,0.0,0.0,0.0
83323c56,183,,Atok,6.4,1.0,1.0,0.0
c9e4769e,153,,Atok,6.4,0.0,2.0,0.0
jan16_0137,25,Strawberry Farm,La Trinidad,6.8,0.0,0.0,0.0
1976dd8f,120,,Atok,6.0,1.0,1.0,0.0
40b7858b,100,,Atok,7.2,0.0,1.0,0.0
jan16_0091,2,Strawberry Farm,La Trinidad,6.4,1.0,0.0,0.0
3a815495,19,SF,La Trinidad,6.8,0.0,1.0,0.0
ef4c28ff,43,BSU Back,La Trinidad,6.4,0.0,2.0,0.0
be31271e,175,,Atok,6.4,1.0,2.0,0.0
691ff1f4,24,BSU Back,La Trinidad,7.2,0.0,0.0,0.0
80b4c28f,125,,Atok,7.2,0.0,1.0,0.0
jan16_0051,15,Strawberry Farm,La Trinidad,6.8,0.0,0.0,0.0
35ad87f5,105,,Atok,7.2,0.0,2.0,0.0
a7a16d7b,30,BSU Back,La Trinidad,6.8,0.0,2.0,0.0
cffc7c63,37,BSU Back,La Trinidad,7.2,0.0,2.0,0.0
ac790eea,8,,La Trinidad,6.4,1.0,1.0,0.0
661f2943,156,,Atok,6.4,1.0,0.0,0.0
02c1f82d,13,BSU Back,La Trinidad,5.8,0.0,0.0,0.0
0d20c4d1,9,BSU Back,La Trinidad,6.4,0.0,0.0,0.0
7431fee1,61,BSU Back,La Trinidad,,0.0,2.0,0.0
fa1d2e11,13,BSU Back,La Trinidad,5.8,0.0,0.0,0.0
4290aa02,34,BSU Back,La Trinidad,6.8,0.0,0.0,0.0
3ddfd0d0,8,BSU Back,La Trinidad,6.4,1.0,1.0,0.0
9c8d8daa,1,,La Trinidad,,,,
7de360b4,8,,La Trinidad,6.4,1.0,1.0,0.0
9dca958f,16,,La Trinidad,6.8,1.0,0.0,0.0
224c7f23,16,,La Trinidad,6.8,1.0,0.0,0.0
77bc6312,41,BSU Back,La Trinidad,,1.0,2.0,0.0
jan16_0061,17,Strawberry Farm,La Trinidad,6.8,1.0,0.0,0.0
011a6439,15,,La Trinidad,6.8,0.0,0.0,0.0
6bf67b01,20,SF,La Trinidad,6.0,0.0,0.0,0.0
2cfe1ebe,24,BSU Back,La Trinidad,7.2,0.0,0.0,0.0
3b8e34d6,128,,Atok,5.8,1.0,2.0,0.0
683f69a8,185,,Atok,7.2,2.0,2.0,0.0
1f25e6a0,99,,Atok,6.8,0.0,1.0,0.0
79f89f17,111,,Atok,6.8,1.0,1.0,0.0
jan16_0048,15,Strawberry Farm,La Trinidad,6.8,0.0,0.0,0.0
33b4cfe5,161,,Atok,6.4,1.0,0.0,0.0
ce6a1687,171,,Atok,7.2,1.0,1.0,0.0
449feb17,6,SF,La Trinidad,6.8,1.0,0.0,0.0
8d9246fc,78,,Atok,7.2,1.0,2.0,0.0
9f0573e1,43,BSU Back,La Trinidad,6.4,0.0,2.0,0.0
f8f9bb79,51,BSU Back,La Trinidad,6.4,0.0,2.0,0.0
c3e6f532,13,BSU Back,La Trinidad,5.8,0.0,0.0,0.0
4b81cb1b,28,BSU Back,La Trinidad,6.8,1.0,0.0,0.0
40afccf5,79,,Atok,7.2,1.0,2.0,1.0
3d2fc631,99,,Atok,6.8,0.0,1.0,0.0
34a5052e,11,BSU Back,La Trinidad,5.8,1.0,0.0,0.0
281325cc,4,BSU Back,La Trinidad,6.4,0.0,0.0,0.0
38463b5e,63,BSU Back,La Trinidad,,0.0,2.0,0.0
adb4c544,26,BSU Back,La Trinidad,7.2,0.0,2.0,0.0
7ed5ece0,61,BSU Back,La Trinidad,,0.0,2.0,0.0
e9fb2a4b,74,,Atok,7.2,2.0,1.0,0.0
1fe5c4e9,55,,La Trinidad,,,,
53452af1,122,,Atok,6.4,1.0,1.0,0.0
0b4ab2a2,28,,Atok,6.8,1.0,2.0,0.0
3b49c022,5,,Atok,6.4,2.0,0.0,1.0
jan16_0014,6,Strawberry Farm,La Trinidad,6.8,1.0,0.0,0.0
daaf3d21,44,BSU Back,La Trinidad,6.8,0.0,2.0,0.0
b5b2b6e7,35,,Atok,6.4,1.0,0.0,0.0
b60ecab0,37,BSU Back,La Trinidad,7.2,0.0,2.0,0.0
6675ff04,65,BSU Back,La Trinidad,,0.0,1.0,0.0
bf49cef6,10,BSU Back,La Trinidad,6.4,0.0,0.0,0.0
adaa14dd,35,BSU Back,La Trinidad,6.4,1.0,0.0,0.0
39ade3f8,32,BSU Back,La Trinidad,6.8,0.0,2.0,0.0
e69347d6,62,BSU Back,La Trinidad,,0.0,2.0,0.0
707ab5b0,89,,Atok,7.2,0.0,2.0,0.0
7a205680,20,BSU Back,La Trinidad,6.4,0.0,2.0,0.0
2e2f9f6b,14,,Atok,6.4,2.0,0.0,1.0
1dac1f7d,44,,Atok,7.2,2.0,2.0,0.0
282d258c,42,BSU Back,La Trinidad,6.4,0.0,2.0,0.0
acddab47,159,,Atok,7.2,1.0,2.0,0.0
0e0cb234,170,,Atok,7.2,,2.0,0.0
4b87f24f,113,,Atok,6.8,1.0,0.0,0.0
64e60a11,27,BSU Back,La Trinidad,6.8,0.0,1.0,0.0
0a95c89e,60,,Atok,7.2,1.0,1.0,0.0
jan16_0097,20,Strawberry Farm,La Trinidad,6.0,0.0,0.0,0.0
jan16_0120,23,Strawberry Farm,La Trinidad,7.2,1.0,0.0,0.0
8b97961b,89,,Atok,7.2,0.0,2.0,0.0
a029f7ab,89,,Atok,7.2,0.0,2.0,0.0
89dd44c7,2,BSU Back,La Trinidad,6.4,0.0,0.0,0.0
fb7138ab,1,BSU Back,La Trinidad,6.4,1.0,0.0,0.0
5bd40589,12,SF,La Trinidad,6.4,0.0,1.0,0.0
beb3992c,15,BSU Back,La Trinidad,6.8,0.0,0.0,0.0
e24d8808,33,,Atok,6.4,1.0,0.0,0.0
1cd27615,22,,Atok,7.2,2.0,2.0,0.0
80d9a643,6,,Atok,6.4,2.0,0.0,0.0
a6430c88,45,BSU Back,La Trinidad,6.4,0.0,2.0,0.0
f82cc7b8,88,,Atok,6.8,0.0,2.0,0.0
a830d7e3,47,,Atok,7.2,2.0,0.0,0.0
jan16_0131,24,Strawberry Farm,La Trinidad,6.8,0.0,1.0,1.0
5c2a1516,111,,Atok,6.8,1.0,1.0,0.0
b105c107,74,,Atok,7.2,2.0,1.0,0.0
1cfa9fbb,18,,Atok,6.0,2.0,0.0,0.0
533eea8c,21,BSU Back,La Trinidad,6.4,0.0,2.0,0.0
bc624590,21,,Atok,6.4,2.0,0.0,0.0
6bf82def,89,,Atok,7.2,0.0,2.0,0.0
6b926331,9,SF,La Trinidad,7.2,0.0,0.0,0.0
jan16_0116,23,Strawberry Farm,La Trinidad,7.2,1.0,0.0,0.0
75c61b02,37,BSU Back,La Trinidad,7.2,0.0,2.0,0.0
0051dd04,11,,Atok,6.8,2.0,0.0,1.0
6a9dcc8c,47,,Atok,7.2,2.0,0.0,0.0
6b7f8b50,91,,Atok,7.2,0.0,0.0,0.0
1f4bc137,82,,Atok,6.8,1.0,1.0,0.0
6976fe69,57,BSU Back,La Trinidad,6.4,1.0,2.0,0.0
5596c412,13,,Atok,6.8,2.0,0.0,0.0
9fa00fd4,28,BSU Back,La Trinidad,6.8,1.0,0.0,0.0
d2c6cf48,72,,Atok,7.2,1.0,1.0,0.0
jan16_0081,19,Strawberry Farm,La Trinidad,6.8,0.0,1.0,0.0
85a18149,13,BSU Back,La Trinidad,5.8,0.0,0.0,0.0
67c298e0,22,BSU Back,La Trinidad,6.4,0.0,2.0,0.0
839a13f9,172,,Atok,6.2,1.0,2.0,0.0
a1a36a3e,13,,La Trinidad,5.8,0.0,0.0,0.0
65636588,122,,Atok,6.4,1.0,1.0,0.0
jan16_0084,2,Strawberry Farm,La Trinidad,6.4,1.0,0.0,0.0
1b76bdce,149,,Atok,7.2,2.0,1.0,0.0
f93bd21c,49,,Atok,6.8,1.0,1.0,0.0
a490b449,61,BSU Back,La Trinidad,,0.0,2.0,0.0
ce3635bd,54,,La Trinidad,,,,
1c03311f,22,SF,La Trinidad,6.4,0.0,0.0,0.0
jan16_0152,27,Strawberry Farm,La Trinidad,6.8,1.0,0.0,0.0
a2264737,62,BSU Back,La Trinidad,,0.0,2.0,0.0
5caeb2ab,15,BSU Back,La Trinidad,6.8,0.0,0.0,0.0
93cb9e4a,28,BSU Back,La Trinidad,6.8,1.0,0.0,0.0
69b98559,165,,Atok,6.8,1.0,1.0,0.0
bbbb04a9,13,BSU Back,La Trinidad,5.8,0.0,0.0,0.0
jan16_0123,24,Strawberry Farm,La Trinidad,6.8,0.0,1.0,1.0
7a14f929,21,SF,La Trinidad,6.4,1.0,0.0,0.0
a7f1d35f,43,BSU Back,La Trinidad,6.4,0.0,2.0,0.0
b822d96b,104,,Atok,7.2,0.0,0.0,0.0
bc3641f0,64,BSU Back,La Trinidad,,0.0,2.0,0.0
8fdeb51e,23,BSU Back,La Trinidad,6.4,0.0,2.0,0.0
jan16_0195,7,Strawberry Farm,La Trinidad,6.4,0.0,0.0,1.0
5ae8d331,45,BSU Back,La Trinidad,6.4,0.0,2.0,0.0
fc5369b4,85,,Atok,7.2,1.0,2.0,0.0
cc2e7477,40,BSU Back,La Trinidad,6.4,0.0,2.0,0.0
308e5d2d,165,,Atok,6.8,1.0,1.0,0.0
jan16_0028,11,Strawberry Farm,La Trinidad,6.4,0.0,1.0,0.0
0782f9dc,22,,Atok,7.2,2.0,2.0,0.0
jan16_0178,30,Strawberry Farm,La Trinidad,6.8,0.0,0.0,1.0
5808e58c,30,BSU Back,La Trinidad,6.8,0.0,2.0,0.0
91682a5a,137,,Atok,7.2,1.0,2.0,0.0
fbec9f2b,29,SF,La Trinidad,6.8,1.0,0.0,1.0
09d69d44,26,,Atok,6.4,2.0,0.0,0.0
d2ba7c34,156,,Atok,6.4,1.0,0.0,0.0
jan16_0070,17,Strawberry Farm,La Trinidad,6.8,1.0,0.0,0.0
8a6d667b,22,,Atok,7.2,2.0,2.0,0.0
a33f8079,65,BSU Back,La Trinidad,,0.0,1.0,0.0
6fd476b7,20,BSU Back,La Trinidad,6.4,0.0,2.0,0.0
da98fddd,18,,La Trinidad,5.8,1.0,1.0,1.0
a839b69e,123,,Atok,6.8,1.0,0.0,0.0
6ac6bc71,47,BSU Back,La Trinidad,,0.0,2.0,0.0
fb61afd5,58,BSU Back,La Trinidad,,1.0,1.0,0.0
d9d00d45,51,BSU Back,La Trinidad,6.4,0.0,2.0,0.0
jan16_0045,15,Strawberry Farm,La Trinidad,6.8,0.0,0.0,0.0
f1609858,3,BSU Back,La Trinidad,6.4,0.0,0.0,0.0
7d23b26d,159,,Atok,7.2,1.0,2.0,0.0
316e2164,84,,Atok,7.2,1.0,2.0,0.0
jan16_0112,22,Strawberry Farm,La Trinidad,6.4,0.0,0.0,0.0
14bb9dac,51,BSU Back,La Trinidad,6.4,0.0,2.0,0.0
2ffd96bb,180,,Atok,7.2,,1.0,0.0
f23fe377,22,BSU Back,La Trinidad,6.4,0.0,2.0,0.0
677a43c4,54,BSU Back,La Trinidad,6.4,0.0,2.0,0.0
af95af56,61,BSU Back,La Trinidad,,0.0,2.0,0.0
f2c00cae,179,,Atok,6.8,1.0,2.0,0.0
c392a2d6,140,,Atok,6.4,1.0,2.0,0.0
jan16_0011,6,Strawberry Farm,La Trinidad,6.8,1.0,0.0,0.0
17943d84,59,,Atok,7.2,2.0,2.0,0.0
829a632a,57,,Atok,7.2,1.0,2.0,0.0
56a0c601,53,BSU Back,La Trinidad,6.4,0.0,2.0,0.0
jan16_0107,22,Strawberry Farm,La Trinidad,6.4,0.0,0.0,0.0
2275fde6,9,,La Trinidad,6.4,0.0,0.0,0.0
6886f40a,32,BSU Back,La Trinidad,6.8,0.0,2.0,0.0
e649c4a8,46,BSU Back,La Trinidad,6.4,0.0,2.0,0.0
4a746d8f,20,BSU Back,La Trinidad,6.4,0.0,2.0,0.0
feedf5a5,11,,La Trinidad,5.8,1.0,0.0,0.0
53487194,16,SF,La Trinidad,6.0,0.0,0.0,0.0
jan16_0090,2,Strawberry Farm,La Trinidad,6.4,1.0,0.0,0.0
66091a06,113,,Atok,6.8,1.0,0.0,0.0
jan16_0192,7,Strawberry Farm,La Trinidad,6.4,0.0,0.0,1.0
39a10891,105,,Atok,7.2,0.0,2.0,0.0
eed5add3,128,,Atok,5.8,1.0,2.0,0.0
55608b12,57,BSU Back,La Trinidad,6.4,1.0,2.0,0.0
8ef0563c,23,,Atok,6.4,2.0,0.0,0.0
0cec6d29,12,BSU Back,La Trinidad,6.8,0.0,0.0,0.0
95d08c79,10,BSU Back,La Trinidad,6.4,0.0,0.0,0.0
f6901395,77,,Atok,7.2,1.0,1.0,1.0
41ea0b74,6,,Atok,6.4,2.0,0.0,0.0
96cba260,123,,Atok,6.8,1.0,0.0,0.0
bab2f753,175,,Atok,6.4,1.0,2.0,0.0
64d5c1d1,17,,La Trinidad,5.8,1.0,0.0,0.0
6b3b8a8f,132,,Atok,6.8,1.0,2.0,0.0
03273e6e,23,BSU Back,La Trinidad,6.4,0.0,2.0,0.0
86ec222d,9,BSU Back,La Trinidad,6.4,0.0,0.0,0.0
01fed1c8,45,,Atok,6.8,2.0,2.0,0.0
51c3ad71,16,SF,La Trinidad,6.0,0.0,0.0,0.0
4d7eb0eb,45,,Atok,6.8,2.0,2.0,0.0
jan16_0171,3,Strawberry Farm,La Trinidad,6.0,0.0,0.0,0.0
272335a9,39,BSU Back,La Trinidad,6.4,1.0,2.0,0.0
eba64cd4,56,,Atok,7.2,2.0,2.0,0.0
8c2503f3,15,,Atok,6.4,2.0,0.0,0.0
jan16_0165,29,Strawberry Farm,La Trinidad,6.8,1.0,0.0,1.0
jan16_0111,22,Strawberry Farm,La Trinidad,6.4,0.0,0.0,0.0
430d1865,100,,Atok,7.2,0.0,1.0,0.0
1bb443e9,72,,Atok,7.2,1.0,1.0,0.0
cbf0def3,25,SF,La Trinidad,6.8,0.0,0.0,0.0
cf354b3f,81,,Atok,6.8,1.0,1.0,0.0
01ea377b,66,,Atok,7.2,1.0,0.0,
9c0f518a,165,,Atok,6.8,1.0,1.0,0.0
ca2288ec,12,BSU Back,La Trinidad,6.8,0.0,0.0,0.0
a4bccc07,132,,Atok,6.8,1.0,2.0,0.0
d8afb776,153,,Atok,6.4,0.0,2.0,0.0
fd1cb8e3,3,BSU Back,La Trinidad,6.4,0.0,0.0,0.0
jan16_0144,26,Strawberry Farm,La Trinidad,7.2,0.0,0.0,0.0
c0d02fc9,93,,Atok,7.2,0.0,2.0,1.0
5f6ef645,132,,Atok,6.8,1.0,2.0,0.0
jan16_0086,2,Strawberry Farm,La Trinidad,6.4,1.0,0.0,0.0
84017269,143,,Atok,6.8,1.0,2.0,0.0
jan16_0005,12,Strawberry Farm,La Trinidad,6.4,0.0,1.0,0.0
7b6db291,29,SF,La Trinidad,6.8,1.0,0.0,1.0
jan16_0170,3,Strawberry Farm,La Trinidad,6.0,0.0,0.0,0.0
24728707,23,SF,La Trinidad,7.2,1.0,0.0,0.0
64c8391d,59,BSU Back,La Trinidad,,1.0,2.0,0.0
8aca4793,53,BSU Back,La Trinidad,6.4,0.0,2.0,0.0
b885cce6,50,BSU Back,La Trinidad,6.4,0.0,2.0,0.0
594c0fcc,53,BSU Back,La Trinidad,6.4,0.0,2.0,0.0
52601554,136,,Atok,7.2,1.0,1.0,0.0
92bf7ad5,67,,Atok,7.2,1.0,0.0,0.0
0514ac50,57,,Atok,7.2,1.0,2.0,0.0
7773e394,39,,Atok,6.0,2.0,2.0,0.0
5ea0678b,59,BSU Back,La Trinidad,,1.0,2.0,0.0
1dc48829,142,,Atok,6.4,1.0,2.0,0.0
jan16_0162,29,Strawberry Farm,La Trinidad,6.8,1.0,0.0,1.0
88deef22,16,BSU Back,La Trinidad,6.8,1.0,0.0,0.0
8bc7149b,10,BSU Back,La Trinidad,6.4,0.0,0.0,0.0
651ebff9,142,,Atok,6.4,1.0,2.0,0.0
7667b70f,17,,Atok,6.4,2.0,0.0,0.0
e849ed16,55,BSU Back,La Trinidad,6.8,1.0,1.0,0.0
84c8f6ac,32,BSU Back,La Trinidad,6.8,0.0,2.0,0.0
31bfafb4,43,BSU Back,La Trinidad,6.4,0.0,2.0,0.0
555a2d71,26,BSU Back,La Trinidad,7.2,0.0,2.0,0.0
7bbbcff2,28,,Atok,6.8,1.0,2.0,0.0
jan16_0186,5,Strawberry Farm,La Trinidad,6.8,0.0,0.0,0.0
374edffe,49,,Atok,6.8,1.0,1.0,0.0
7ee6cc46,33,,Atok,6.4,1.0,0.0,0.0
c4cd83c4,3,BSU Back,La Trinidad,6.4,0.0,0.0,0.0
142dee81,170,,Atok,7.2,,2.0,0.0
f24f569a,110,,Atok,6.4,1.0,0.0,0.0
04db0ad4,31,BSU Back,La Trinidad,7.2,1.0,1.0,0.0
ad22d969,132,,Atok,6.8,1.0,2.0,0.0
05b72b06,9,BSU Back,La Trinidad,6.4,0.0,0.0,0.0
976fb6ba,43,BSU Back,La Trinidad,6.4,0.0,2.0,0.0
f1c6d406,92,,Atok,7.2,0.0,1.0,0.0
4e0a65e4,14,BSU Back,La Trinidad,5.8,0.0,1.0,0.0
jan16_0177,30,Strawberry Farm,La Trinidad,6.8,0.0,0.0,1.0
53cacdf3,34,BSU Back,La Trinidad,6.8,0.0,0.0,0.0
5afd848c,58,BSU Back,La Trinidad,,1.0,1.0,0.0
ca6df197,88,,Atok,6.8,0.0,2.0,0.0
fc186faf,64,BSU Back,La Trinidad,,0.0,2.0,0.0
8d9a1982,38,BSU Back,La Trinidad,6.4,0.0,0.0,0.0
2fc5eae0,3,BSU Back,La Trinidad,6.4,0.0,0.0,0.0
8e5aefdc,31,BSU Back,La Trinidad,7.2,1.0,1.0,0.0
751aba4f,44,BSU Back,La Trinidad,6.8,0.0,2.0,0.0
ec4306fb,7,,Atok,6.4,2.0,2.0,0.0
5fa6008a,54,,La Trinidad,,,,
55ffc979,20,SF,La Trinidad,6.0,0.0,0.0,0.0
jan16_0018,10,Strawberry Farm,La Trinidad,6.4,0.0,0.0,0.0
jan16_0042,14,Strawberry Farm,La Trinidad,6.4,0.0,0.0,0.0
78b3462a,29,,Atok,4.8,1.0,2.0,0.0
ca259be4,39,,Atok,6.0,2.0,2.0,0.0
8a4d6bd4,8,,Atok,6.8,2.0,0.0,0.0
d120bed8,62,BSU Back,La Trinidad,,0.0,2.0,0.0
787bd111,36,BSU Back,La Trinidad,7.2,1.0,2.0,0.0
df2f7e59,3,BSU Back,La Trinidad,6.4,0.0,0.0,0.0
jan16_0119,23,Strawberry Farm,La Trinidad,7.2,1.0,0.0,0.0
9466a872,148,,Atok,6.8,1.0,2.0,0.0
7162b755,175,,Atok,6.4,1.0,2.0,0.0
2bff3d18,26,BSU Back,La Trinidad,7.2,0.0,2.0,0.0
570e4fad,24,,Atok,7.2,2.0,2.0,0.0
53dab6f2,17,BSU Back,La Trinidad,5.8,1.0,0.0,0.0
5fef9dab,16,BSU Back,La Trinidad,6.8,1.0,0.0,0.0
1cec6679,75,,Atok,7.2,1.0,0.0,0.0
858abd49,8,,Atok,6.8,2.0,0.0,0.0
3b47e8e1,7,BSU Back,La Trinidad,6.4,1.0,1.0,0.0
6e2f9235,57,,Atok,7.2,1.0,2.0,0.0
27c9779f,45,BSU Back,La Trinidad,6.4,0.0,2.0,0.0
35f05eeb,93,,Atok,7.2,0.0,2.0,1.0
jan16_0201,8,Strawberry Farm,La Trinidad,6.8,1.0,0.0,0.0
6f631e86,64,BSU Back,La Trinidad,,0.0,2.0,0.0
c9e8f79b,140,,Atok,6.4,1.0,2.0,0.0
57e28de4,146,,Atok,7.2,1.0,2.0,0.0
c40c2bcb,11,BSU Back,La Trinidad,5.8,1.0,0.0,0.0
20eb39eb,37,BSU Back,La Trinidad,7.2,0.0,2.0,0.0
419e75c1,161,,Atok,6.4,1.0,0.0,0.0
6b1d46f5,20,BSU Back,La Trinidad,6.4,0.0,2.0,0.0
de5e56c1,22,BSU Back,La Trinidad,6.4,0.0,2.0,0.0
30411e76,59,BSU Back,La Trinidad,,1.0,2.0,0.0
b28af9a8,14,BSU Back,La Trinidad,5.8,0.0,1.0,0.0
c9a9746e,31,,Atok,5.8,2.0,1.0,0.0
24e21c32,56,BSU Back,La Trinidad,6.4,1.0,2.0,0.0
jan16_0025,11,Strawberry Farm,La Trinidad,6.4,0.0,1.0,0.0
a2fab2df,14,,Atok,6.4,2.0,0.0,1.0
343568a5,60,BSU Back,La Trinidad,,1.0,2.0,0.0
d5d917bb,155,,Atok,6.8,1.0,0.0,0.0
jan16_0126,24,Strawberry Farm,La Trinidad,6.8,0.0,1.0,1.0
9c18e217,38,BSU Back,La Trinidad,6.4,0.0,0.0,0.0
jan16_0022,10,Strawberry Farm,La Trinidad,6.4,0.0,0.0,0.0
16018d3c,3,,Atok,6.4,2.0,1.0,0.0
0388824d,61,BSU Back,La Trinidad,,0.0,2.0,0.0
308c306c,151,,Atok,7.2,1.0,1.0,0.0
80198b48,40,,Atok,6.4,1.0,1.0,1.0
6cd4ba36,92,,Atok,7.2,0.0,1.0,0.0
90bd4bdd,79,,Atok,7.2,1.0,2.0,1.0
40f6ff9b,64,BSU Back,La Trinidad,,0.0,2.0,0.0
00987b57,174,,Atok,7.2,1.0,2.0,0.0
f48976a7,38,,Atok,6.0,2.0,2.0,0.0
5b589b5c,4,BSU Back,La Trinidad,6.4,0.0,0.0,0.0
051d3d52,31,BSU Back,La Trinidad,7.2,1.0,1.0,0.0
faff4002,68,,Atok,7.2,1.0,1.0,1.0
1e6f0bb9,10,,Atok,6.4,2.0,2.0,0.0
ebfb6a77,115,,Atok,6.8,1.0,1.0,0.0
4c69d884,18,BSU Back,La Trinidad,5.8,1.0,1.0,1.0
4ce44c5f,45,BSU Back,La Trinidad,6.4,0.0,2.0,0.0
d13eb61e,22,BSU Back,La Trinidad,6.4,0.0,2.0,0.0
9204a9b8,5,BSU Back,La Trinidad,6.8,0.0,0.0,0.0
a267e8e4,4,BSU Back,La Trinidad,6.4,0.0,0.0,0.0
9b4158d3,32,BSU Back,La Trinidad,6.8,0.0,2.0,0.0
77d99bc1,23,SF,La Trinidad,7.2,1.0,0.0,0.0
9b77660c,78,,Atok,7.2,1.0,2.0,0.0
9232a533,41,BSU Back,La Trinidad,,1.0,2.0,0.0
jan16_0044,15,Strawberry Farm,La Trinidad,6.8,0.0,0.0,0.0
jan16_0132,25,Strawberry Farm,La Trinidad,6.8,0.0,0.0,0.0
bcd2502a,65,BSU Back,La Trinidad,,0.0,1.0,0.0
229003ed,108,,Atok,6.8,1.0,0.0,0.0
bf6fa47d,13,,La Trinidad,5.8,0.0,0.0,0.0
6181d0df,15,,Atok,6.4,2.0,0.0,0.0
c4e2e014,12,,Atok,6.4,2.0,0.0,0.0
f078e891,65,BSU Back,La Trinidad,,0.0,1.0,0.0
7fe62467,174,,Atok,7.2,1.0,2.0,0.0
0f2a1376,35,BSU Back,La Trinidad,6.4,1.0,0.0,0.0
433bad72,10,BSU Back,La Trinidad,6.4,0.0,0.0,0.0
2bb8e0cc,21,,Atok,6.4,2.0,0.0,0.0
789cb804,41,BSU Back,La Trinidad,,1.0,2.0,0.0
e3e69773,9,,Atok,6.4,2.0,1.0,0.0
e6b97bf3,33,BSU Back,La Trinidad,7.2,0.0,2.0,0.0
1f660891,46,BSU Back,La Trinidad,6.4,0.0,2.0,0.0
764d3a86,47,BSU Back,La Trinidad,,0.0,2.0,0.0
3d4ccc98,2,,Atok,6.4,2.0,0.0,1.0
jan16_0161,29,Strawberry Farm,La Trinidad,6.8,1.0,0.0,1.0
5128d871,25,,Atok,7.2,2.0,0.0,1.0
3c3c3213,81,,Atok,6.8,1.0,1.0,0.0
142d1131,135,,Atok,6.8,1.0,2.0,0.0
4dbf4897,32,,Atok,6.0,1.0,2.0,0.0
79a4d84c,16,BSU Back,La Trinidad,6.8,1.0,0.0,0.0
9584729f,27,BSU Back,La Trinidad,6.8,0.0,1.0,0.0
24192f9c,25,BSU Back,La Trinidad,7.2,0.0,2.0,0.0
e84fcdbc,91,,Atok,7.2,0.0,0.0,0.0
3e3aa728,142,,Atok,6.4,1.0,2.0,0.0
951e4653,62,BSU Back,La Trinidad,,0.0,2.0,0.0
jan16_0147,27,Strawberry Farm,La Trinidad,6.8,1.0,0.0,0.0
130f20c5,8,BSU Back,La Trinidad,6.4,1.0,1.0,0.0
960122a6,9,BSU Back,La Trinidad,6.4,0.0,0.0,0.0
d0499518,80,,Atok,6.8,0.0,2.0,0.0
9c8d5692,11,BSU Back,La Trinidad,5.8,1.0,0.0,0.0
a16f7c9d,14,,Atok,6.4,2.0,0.0,1.0
208fcd82,48,,Atok,7.2,1.0,1.0,0.0
jan16_0153,28,Strawberry Farm,La Trinidad,6.8,1.0,0.0,1.0
05a158d3,18,SF,La Trinidad,6.8,0.0,0.0,0.0
1ae72cea,47,BSU Back,La Trinidad,,0.0,2.0,0.0
ee421acd,4,BSU Back,La Trinidad,6.4,0.0,0.0,0.0
4d5eaadf,151,,Atok,7.2,1.0,1.0,0.0
d9f8e58a,17,SF,La Trinidad,6.8,1.0,0.0,0.0
565c0f5b,30,BSU Back,La Trinidad,6.8,0.0,2.0,0.0
38279b48,32,BSU Back,La Trinidad,6.8,0.0,2.0,0.0
4fca79cf,72,,Atok,7.2,1.0,1.0,0.0
bc23dbe6,95,,Atok,7.2,1.0,0.0,0.0
668a06ad,31,,Atok,5.8,2.0,1.0,0.0
b23b5582,34,BSU Back,La Trinidad,6.8,0.0,0.0,0.0
33476f39,32,,Atok,6.0,1.0,2.0,0.0
971ae787,21,BSU Back,La Trinidad,6.4,0.0,2.0,0.0
6fc2020a,127,,Atok,7.2,1.0,0.0,0.0
56c637b9,64,BSU Back,La Trinidad,,0.0,2.0,0.0
60367eac,25,SF,La Trinidad,6.8,0.0,0.0,0.0
22926277,26,,Atok,6.4,2.0,0.0,0.0
03008ac8,16,,La Trinidad,6.8,1.0,0.0,0.0
7cb8f985,107,,Atok,7.2,0.0,1.0,0.0
jan16_0024,11,Strawberry Farm,La Trinidad,6.4,0.0,1.0,0.0
201d42db,71,,Atok,6.8,1.0,0.0,0.0
1763dbb3,100,,Atok,7.2,0.0,1.0,0.0
2a5a4bcf,47,BSU Back,La Trinidad,,0.0,2.0,0.0
8eab076f,104,,Atok,7.2,0.0,0.0,0.0
551b50d7,3,BSU Back,La Trinidad,6.4,0.0,0.0,0.0
9e08a19a,7,BSU Back,La Trinidad,6.4,1.0,1.0,0.0
60f88874,8,BSU Back,La Trinidad,6.4,1.0,1.0,0.0
bacc2486,174,,Atok,7.2,1.0,2.0,0.0
jan16_0143,26,Strawberry Farm,La Trinidad,7.2,0.0,0.0,0.0
35b2a021,63,BSU Back,La Trinidad,,0.0,2.0,0.0
e048720e,23,BSU Back,La Trinidad,6.4,0.0,2.0,0.0
40fa04c5,15,,Atok,6.4,2.0,0.0,0.0
8d90a2a1,39,BSU Back,La Trinidad,6.4,1.0,2.0,0.0
jan16_0089,2,Strawberry Farm,La Trinidad,6.4,1.0,0.0,0.0
eab5849c,26,,Atok,6.4,2.0,0.0,0.0
aa967836,51,,Atok,6.8,2.0,2.0,0.0
jan16_0125,24,Strawberry Farm,La Trinidad,6.8,0.0,1.0,1.0
cd111602,152,,Atok,7.2,0.0,1.0,0.0
jan16_0135,25,Strawberry Farm,La Trinidad,6.8,0.0,0.0,0.0
e8a0bd0a,122,,Atok,6.4,1.0,1.0,0.0
3bd67d15,24,BSU Back,La Trinidad,7.2,0.0,0.0,0.0
3080111c,15,BSU Back,La Trinidad,6.8,0.0,0.0,0.0
99632841,21,,Atok,6.4,2.0,0.0,0.0
1a3a261f,24,SF,La Trinidad,6.8,0.0,1.0,1.0
85a8dc65,16,BSU Back,La Trinidad,6.8,1.0,0.0,0.0
10833611,7,SF,La Trinidad,6.4,0.0,0.0,1.0
jan16_0004,12,Strawberry Farm,La Trinidad,6.4,0.0,1.0,0.0
jan16_0103,20,Strawberry Farm,La Trinidad,6.0,0.0,0.0,0.0
4a6e59f2,165,,Atok,6.8,1.0,1.0,0.0
f482857e,157,,Atok,6.4,1.0,1.0,0.0
71eaad38,30,BSU Back,La Trinidad,6.8,0.0,2.0,0.0
jan16_0058,16,Strawberry Farm,La Trinidad,6.0,0.0,0.0,0.0
e9c009bd,60,,Atok,7.2,1.0,1.0,0.0
de7a355b,165,,Atok,6.8,1.0,1.0,0.0
7c25b36f,15,,La Trinidad,6.8,0.0,0.0,0.0
a6cce91e,171,,Atok,7.2,1.0,1.0,0.0
6051391c,13,BSU Back,La Trinidad,5.8,0.0,0.0,0.0
e8baf836,2,BSU Back,La Trinidad,6.4,0.0,0.0,0.0
jan16_0150,27,Strawberry Farm,La Trinidad,6.8,1.0,0.0,0.0
930f5c84,10,BSU Back,La Trinidad,6.4,0.0,0.0,0.0
jan16_0002,12,Strawberry Farm,La Trinidad,6.4,0.0,1.0,0.0
7e5507c9,47,BSU Back,La Trinidad,,0.0,2.0,0.0
3f7cac31,54,BSU Back,La Trinidad,6.4,0.0,2.0,0.0
jan16_0204,9,Strawberry Farm,La Trinidad,7.2,0.0,0.0,0.0
fe0d4ddb,7,BSU Back,La Trinidad,6.4,1.0,1.0,0.0
82754d24,56,,Atok,7.2,2.0,2.0,0.0
969000af,85,,Atok,7.2,1.0,2.0,0.0
5e10ca0a,45,,Atok,6.8,2.0,2.0,0.0
jan16_0009,6,Strawberry Farm,La Trinidad,6.8,1.0,0.0,0.0
jan16_0092,2,Strawberry Farm,La Trinidad,6.4,1.0,0.0,0.0
jan16_0117,23,Strawberry Farm,La Trinidad,7.2,1.0,0.0,0.0
11de7d51,64,BSU Back,La Trinidad,,0.0,2.0,0.0
f309ba5e,146,,Atok,7.2,1.0,2.0,0.0
ce5e85e3,24,,Atok,7.2,2.0,2.0,0.0
13f32929,57,,Atok,7.2,1.0,2.0,0.0
c80bdb77,122,,Atok,6.4,1.0,1.0,0.0
5f39d413,20,BSU Back,La Trinidad,6.4,0.0,2.0,0.0
41477579,23,BSU Back,La Trinidad,6.4,0.0,2.0,0.0
5b12911f,35,BSU Back,La Trinidad,6.4,1.0,0.0,0.0
bc293316,36,,Atok,6.4,2.0,2.0,0.0
jan16_0082,19,Strawberry Farm,La Trinidad,6.8,0.0,1.0,0.0
a9f7ee81,21,,Atok,6.4,2.0,0.0,0.0
ffa5cb4e,10,,Atok,6.4,2.0,2.0,0.0
f7e5d6f0,17,BSU Back,La Trinidad,5.8,1.0,0.0,0.0
52000180,12,,La Trinidad,6.8,0.0,0.0,0.0
f109615f,43,,Atok,7.2,2.0,2.0,0.0
c037476b,6,BSU Back,La Trinidad,6.4,0.0,0.0,0.0
1d3d3960,50,BSU Back,La Trinidad,6.4,0.0,2.0,0.0
adc3b098,10,,Atok,6.4,2.0,2.0,0.0
f41b9682,185,,Atok,7.2,2.0,2.0,0.0
8a6543f3,23,,Atok,6.4,2.0,0.0,0.0
3db77669,31,BSU Back,La Trinidad,7.2,1.0,1.0,0.0
26d6af69,41,,Atok,6.4,2.0,2.0,0.0
37897914,54,BSU Back,La Trinidad,6.4,0.0,2.0,0.0
082546ed,5,BSU Back,La Trinidad,6.8,0.0,0.0,0.0
7a20fcfe,2,BSU Back,La Trinidad,6.4,0.0,0.0,0.0
jan16_0176,30,Strawberry Farm,La Trinidad,6.8,0.0,0.0,1.0
1d9c72ff,127,,Atok,7.2,1.0,0.0,0.0
ed6fc014,1,,Atok,6.4,2.0,0.0,0.0
10bbb56e,35,,Atok,6.4,1.0,0.0,0.0
ff1967fd,78,,Atok,7.2,1.0,2.0,0.0
75047094,11,BSU Back,La Trinidad,5.8,1.0,0.0,0.0
beff1d5b,37,BSU Back,La Trinidad,7.2,0.0,2.0,0.0
7f525678,18,SF,La Trinidad,6.8,0.0,0.0,0.0
f46f4586,9,BSU Back,La Trinidad,6.4,0.0,0.0,0.0
c98f1a67,38,,Atok,6.0,2.0,2.0,0.0
250bd6d7,172,,Atok,6.2,1.0,2.0,0.0
73101a0a,6,SF,La Trinidad,6.8,1.0,0.0,0.0
e1305424,3,BSU Back,La Trinidad,6.4,0.0,0.0,0.0
jan16_0199,8,Strawberry Farm,La Trinidad,6.8,1.0,0.0,0.0
4415d5fc,30,BSU Back,La Trinidad,6.8,0.0,2.0,0.0
c275d0a7,184,,Atok,6.4,1.0,1.0,0.0
40791bce,179,,Atok,6.8,1.0,2.0,0.0
24646479,45,BSU Back,La Trinidad,6.4,0.0,2.0,0.0
jan16_0010,6,Strawberry Farm,La Trinidad,6.8,1.0,0.0,0.0
1a3c9b0d,56,BSU Back,La Trinidad,6.4,1.0,2.0,0.0
f087367a,71,,Atok,6.8,1.0,0.0,0.0
5df818a4,136,,Atok,7.2,1.0,1.0,0.0
0437cb9c,44,BSU Back,La Trinidad,6.8,0.0,2.0,0.0
b47b749a,12,BSU Back,La Trinidad,6.8,0.0,0.0,0.0
44ba3f8f,21,BSU Back,La Trinidad,6.4,0.0,2.0,0.0
b0a0e95c,44,BSU Back,La Trinidad,6.8,0.0,2.0,0.0
9c914079,38,BSU Back,La Trinidad,6.4,0.0,0.0,0.0
b5e22019,152,,Atok,7.2,0.0,1.0,0.0
77dbbeda,51,,Atok,6.8,2.0,2.0,0.0
75cbd91f,21,BSU Back,La Trinidad,6.4,0.0,2.0,0.0
b8b9a9cd,39,BSU Back,La Trinidad,6.4,1.0,2.0,0.0
1a27b44f,19,BSU Back,La Trinidad,6.4,0.0,0.0,0.0
d70eb0eb,58,,Atok,7.2,1.0,2.0,0.0
8b079d5c,38,BSU Back,La Trinidad,6.4,0.0,0.0,0.0
2ef8781e,75,,Atok,7.2,1.0,0.0,0.0
b76f7bd2,164,,Atok,6.8,1.0,1.0,0.0
5d483e07,49,,Atok,6.8,1.0,1.0,0.0
132ff1f2,32,BSU Back,La Trinidad,6.8,0.0,2.0,0.0
f1eb70fe,9,BSU Back,La Trinidad,6.4,0.0,0.0,0.0
7f2afbfd,43,,Atok,7.2,2.0,2.0,0.0
0ffbec8b,50,BSU Back,La Trinidad,6.4,0.0,2.0,0.0
bebbdfd4,63,BSU Back,La Trinidad,,0.0,2.0,0.0
70d88553,63,BSU Back,La Trinidad,,0.0,2.0,0.0
ba407c96,152,,Atok,7.2,0.0,1.0,0.0
fb908cd7,10,BSU Back,La Trinidad,6.4,0.0,0.0,0.0
jan16_0155,28,Strawberry Farm,La Trinidad,6.8,1.0,0.0,1.0
373cf437,27,BSU Back,La Trinidad,6.8,0.0,1.0,0.0
1d78184a,58,BSU Back,La Trinidad,,1.0,1.0,0.0
da11b0f2,27,SF,La Trinidad,6.8,1.0,0.0,0.0
154e8cd0,48,BSU Back,La Trinidad,6.4,1.0,1.0,0.0
a60e8ff8,1,,Atok,6.4,2.0,0.0,0.0
9030de8a,143,,Atok,6.8,1.0,2.0,0.0
jan16_0114,23,Strawberry Farm,La Trinidad,7.2,1.0,0.0,0.0
99225c15,17,,Atok,6.4,2.0,0.0,0.0
932e1faa,27,BSU Back,La Trinidad,6.8,0.0,1.0,0.0
42b54439,57,BSU Back,La Trinidad,6.4,1.0,2.0,0.0
381cd1ca,59,BSU Back,La Trinidad,,1.0,2.0,0.0
19143b68,47,BSU Back,La Trinidad,,0.0,2.0,0.0
a7771471,59,,Atok,7.2,2.0,2.0,0.0
17985a58,149,,Atok,7.2,2.0,1.0,0.0
4e593381,167,,Atok,7.2,1.0,2.0,0.0
7adda024,74,,Atok,7.2,2.0,1.0,0.0
jan16_0057,16,Strawberry Farm,La Trinidad,6.0,0.0,0.0,0.0
30b93e93,141,,Atok,6.8,1.0,2.0,0.0
08b1cd14,55,BSU Back,La Trinidad,6.8,1.0,1.0,0.0
jan16_0118,23,Strawberry Farm,La Trinidad,7.2,1.0,0.0,0.0
ff5107da,12,,La Trinidad,6.8,0.0,0.0,0.0
290c2bca,36,BSU Back,La Trinidad,7.2,1.0,2.0,0.0
d027c216,12,,Atok,6.4,2.0,0.0,0.0
08f46575,57,BSU Back,La Trinidad,6.4,1.0,2.0,0.0
0b21c051,10,BSU Back,La Trinidad,6.4,0.0,0.0,0.0
b418ad9d,6,,Atok,6.4,2.0,0.0,0.0
f8776297,41,BSU Back,La Trinidad,,1.0,2.0,0.0
e3245dcf,20,BSU Back,La Trinidad,6.4,0.0,2.0,0.0
8de07053,119,,Atok,6.8,1.0,1.0,0.0
97afcd16,51,BSU Back,La Trinidad,6.4,0.0,2.0,0.0
227ad56d,169,,Atok,5.4,1.0,2.0,0.0
jan16_0179,30,Strawberry Farm,La Trinidad,6.8,0.0,0.0,1.0
jan16_0080,19,Strawberry Farm,La Trinidad,6.8,0.0,1.0,0.0
fbd68e01,15,,Atok,6.4,2.0,0.0,0.0
908c8c89,8,BSU Back,La Trinidad,6.4,1.0,1.0,0.0
fb68c534,88,,Atok,6.8,0.0,2.0,0.0
931811b6,60,BSU Back,La Trinidad,,1.0,2.0,0.0
6c447c1e,58,BSU Back,La Trinidad,,1.0,1.0,0.0
96dab881,13,,Atok,6.8,2.0,0.0,0.0
67233c6f,52,,Atok,6.8,2.0,2.0,0.0
79a719e8,41,,Atok,6.4,2.0,2.0,0.0
08700ab9,36,BSU Back,La Trinidad,7.2,1.0,2.0,0.0
92e60be4,46,,Atok,7.2,1.0,2.0,0.0
jan16_0001,12,Strawberry Farm,La Trinidad,6.4,0.0,1.0,0.0
jan16_0020,10,Strawberry Farm,La Trinidad,6.4,0.0,0.0,0.0
bc788627,25,,Atok,7.2,2.0,0.0,1.0
045677f1,36,BSU Back,La Trinidad,7.2,1.0,2.0,0.0
fd7eea87,157,,Atok,6.4,1.0,1.0,0.0
0607de5c,25,BSU Back,La Trinidad,7.2,0.0,2.0,0.0
da04f54e,53,BSU Back,La Trinidad,6.4,0.0,2.0,0.0
2a6889bd,2,BSU Back,La Trinidad,6.4,0.0,0.0,0.0
9d1c94a7,32,BSU Back,La Trinidad,6.8,0.0,2.0,0.0
f409a780,22,SF,La Trinidad,6.4,0.0,0.0,0.0
8bb7ec73,39,BSU Back,La Trinidad,6.4,1.0,2.0,0.0
4955077a,160,,Atok,6.4,,2.0,0.0
1c10bdb2,179,,Atok,6.8,1.0,2.0,0.0
6806d047,15,SF,La Trinidad,6.8,0.0,0.0,0.0
c74c2724,44,BSU Back,La Trinidad,6.8,0.0,2.0,0.0
4cc993b2,6,SF,La Trinidad,6.8,1.0,0.0,0.0
e3f02c1e,39,,Atok,6.0,2.0,2.0,0.0
6423ba4e,13,BSU Back,La Trinidad,5.8,0.0,0.0,0.0
7e979247,14,BSU Back,La Trinidad,5.8,0.0,1.0,0.0
d21804cc,153,,Atok,6.4,0.0,2.0,0.0
jan16_0206,9,Strawberry Farm,La Trinidad,7.2,0.0,0.0,0.0
36721ded,90,,Atok,7.2,0.0,2.0,0.0
3e936bbb,48,BSU Back,La Trinidad,6.4,1.0,1.0,0.0
341cf46c,35,,Atok,6.4,1.0,0.0,0.0
37ee2b03,37,,Atok,6.0,2.0,2.0,0.0
e9ba1a44,34,BSU Back,La Trinidad,6.8,0.0,0.0,0.0
bbd1c9ad,38,BSU Back,La Trinidad,6.4,0.0,0.0,0.0
54a4c933,19,BSU Back,La Trinidad,6.4,0.0,0.0,0.0
de642ce4,10,BSU Back,La Trinidad,6.4,0.0,0.0,0.0
jan16_0106,21,Strawberry Farm,La Trinidad,6.4,1.0,0.0,0.0
jan16_0160,28,Strawberry Farm,La Trinidad,6.8,1.0,0.0,1.0
b828773b,57,BSU Back,La Trinidad,6.4,1.0,2.0,0.0
jan16_0033,13,Strawberry Farm,La Trinidad,6.4,0.0,0.0,0.0
b295f4dc,19,BSU Back,La Trinidad,6.4,0.0,0.0,0.0
5648081d,2,BSU Back,La Trinidad,6.4,0.0,0.0,0.0
95bf75a9,80,,Atok,6.8,0.0,2.0,0.0
a8d80be7,34,,Atok,6.4,1.0,2.0,0.0
09ca69d3,19,SF,La Trinidad,6.8,0.0,1.0,0.0
eb6b7b21,52,BSU Back,La Trinidad,6.4,0.0,2.0,0.0
f5b08c78,151,,Atok,7.2,1.0,1.0,0.0
c1c34fd9,172,,Atok,6.2,1.0,2.0,0.0
de2fbb70,172,,Atok,6.2,1.0,2.0,0.0
9ff270ed,149,,Atok,7.2,2.0,1.0,0.0
f10ad6bb,45,,Atok,6.8,2.0,2.0,0.0
6df74293,32,BSU Back,La Trinidad,6.8,0.0,2.0,0.0
07120893,59,BSU Back,La Trinidad,,1.0,2.0,0.0
8a0ca23c,61,BSU Back,La Trinidad,,0.0,2.0,0.0
jan16_0157,28,Strawberry Farm,La Trinidad,6.8,1.0,0.0,1.0
47e0fb57,58,,Atok,7.2,1.0,2.0,0.0
d6c75bfc,24,BSU Back,La Trinidad,7.2,0.0,0.0,0.0
6835f131,20,,Atok,6.0,2.0,1.0,0.0
87609190,155,,Atok,6.8,1.0,0.0,0.0
8bbdf6ed,32,BSU Back,La Trinidad,6.8,0.0,2.0,0.0
jan16_0099,20,Strawberry Farm,La Trinidad,6.0,0.0,0.0,0.0
jan16_0180,30,Strawberry Farm,La Trinidad,6.8,0.0,0.0,1.0
88d8fd8b,73,,Atok,7.2,1.0,1.0,1.0
df6cc23c,11,,La Trinidad,5.8,1.0,0.0,0.0
b375bf3f,17,BSU Back,La Trinidad,5.8,1.0,0.0,0.0
jan16_0034,13,Strawberry Farm,La Trinidad,6.4,0.0,0.0,0.0
jan16_0166,29,Strawberry Farm,La Trinidad,6.8,1.0,0.0,1.0
512dcea7,87,,Atok,7.2,0.0,2.0,0.0
4b51ef8a,96,,Atok,7.2,1.0,1.0,0.0
232d4de4,9,BSU Back,La Trinidad,6.4,0.0,0.0,0.0
c78c0afe,21,BSU Back,La Trinidad,6.4,0.0,2.0,0.0
jan16_0032,13,Strawberry Farm,La Trinidad,6.4,0.0,0.0,0.0
d65883dc,79,,Atok,7.2,1.0,2.0,1.0
6289d8b3,38,BSU Back,La Trinidad,6.4,0.0,0.0,0.0
00d51712,135,,Atok,6.8,1.0,2.0,0.0
68a5bfdd,6,,Atok,6.4,2.0,0.0,0.0
b295dc9c,10,SF,La Trinidad,6.4,0.0,0.0,0.0
jan16_0027,11,Strawberry Farm,La Trinidad,6.4,0.0,1.0,0.0
jan16_0175,30,Strawberry Farm,La Trinidad,6.8,0.0,0.0,1.0
5366202f,64,BSU Back,La Trinidad,,0.0,2.0,0.0
f118d4e0,9,,Atok,6.4,2.0,1.0,0.0
6aebf3f6,32,BSU Back,La Trinidad,6.8,0.0,2.0,0.0
jan16_0036,13,Strawberry Farm,La Trinidad,6.4,0.0,0.0,0.0
0aa6d847,37,BSU Back,La Trinidad,7.2,0.0,2.0,0.0
d18a3fe1,12,BSU Back,La Trinidad,6.8,0.0,0.0,0.0
5832bbd2,11,,Atok,6.8,2.0,0.0,1.0
d90c8b0e,30,BSU Back,La Trinidad,6.8,0.0,2.0,0.0
72f20127,21,BSU Back,La Trinidad,6.4,0.0,2.0,0.0
e3856127,25,BSU Back,La Trinidad,7.2,0.0,2.0,0.0
48dd9e42,60,BSU Back,La Trinidad,,1.0,2.0,0.0
afc8d091,18,,Atok,6.0,2.0,0.0,0.0
4ddb51f5,11,BSU Back,La Trinidad,5.8,1.0,0.0,0.0
f3f9ae88,8,,La Trinidad,6.4,1.0,1.0,0.0
a03375ac,108,,Atok,6.8,1.0,0.0,0.0
1a29ab72,10,,Atok,6.4,2.0,2.0,0.0
jan16_0102,20,Strawberry Farm,La Trinidad,6.0,0.0,0.0,0.0
b9182dd0,67,,Atok,7.2,1.0,0.0,0.0
17588bad,44,,Atok,7.2,2.0,2.0,0.0
95ca150f,27,SF,La Trinidad,6.8,1.0,0.0,0.0
jan16_0194,7,Strawberry Farm,La Trinidad,6.4,0.0,0.0,1.0
c6d6b60f,115,,Atok,6.8,1.0,1.0,0.0
308c142c,44,BSU Back,La Trinidad,6.8,0.0,2.0,0.0
334240c9,2,BSU Back,La Trinidad,6.4,0.0,0.0,0.0
e1bd971f,49,BSU Back,La Trinidad,6.4,0.0,2.0,0.0
7632bbc1,33,BSU Back,La Trinidad,7.2,0.0,2.0,0.0
078698c9,20,,Atok,6.0,2.0,1.0,0.0
c169c15d,2,BSU Back,La Trinidad,6.4,0.0,0.0,0.0
d62ad1ed,58,BSU Back,La Trinidad,,1.0,1.0,0.0
jan16_0078,19,Strawberry Farm,La Trinidad,6.8,0.0,1.0,0.0
6e5a0026,65,BSU Back,La Trinidad,,0.0,1.0,0.0
jan16_0122,23,Strawberry Farm,La Trinidad,7.2,1.0,0.0,0.0
93f2be85,62,BSU Back,La Trinidad,,0.0,2.0,0.0
278ac3c6,113,,Atok,6.8,1.0,0.0,0.0
f471889f,157,,Atok,6.4,1.0,1.0,0.0
e7ccd680,15,,La Trinidad,6.8,0.0,0.0,0.0
77772c5c,7,,Atok,6.4,2.0,2.0,0.0
a3921638,34,BSU Back,La Trinidad,6.8,0.0,0.0,0.0
a0df6fc8,15,BSU Back,La Trinidad,6.8,0.0,0.0,0.0
8b5cf349,49,BSU Back,La Trinidad,6.4,0.0,2.0,0.0
d0a9c801,48,BSU Back,La Trinidad,6.4,1.0,1.0,0.0
663a63e2,7,BSU Back,La Trinidad,6.4,1.0,1.0,0.0
9cfea872,77,,Atok,7.2,1.0,1.0,1.0
df1095d8,19,BSU Back,La Trinidad,6.4,0.0,0.0,0.0
40bd9f39,7,BSU Back,La Trinidad,6.4,1.0,1.0,0.0
jan16_0163,29,Strawberry Farm,La Trinidad,6.8,1.0,0.0,1.0
34aeec45,142,,Atok,6.4,1.0,2.0,0.0
bc7adadf,167,,Atok,7.2,1.0,2.0,0.0
47dd2b5e,170,,Atok,7.2,,2.0,0.0
5209e81c,13,BSU Back,La Trinidad,5.8,0.0,0.0,0.0
d2b2e4fe,5,,Atok,6.4,2.0,0.0,1.0
f3c81021,48,BSU Back,La Trinidad,6.4,1.0,1.0,0.0
fe14b38c,54,BSU Back,La Trinidad,6.4,0.0,2.0,0.0
6fb35f28,12,,La Trinidad,6.8,0.0,0.0,0.0
80744562,58,BSU Back,La Trinidad,,1.0,1.0,0.0
d7ba9c22,67,,Atok,7.2,1.0,0.0,0.0
0e5d8405,156,,Atok,6.4,1.0,0.0,0.0
ebee9060,38,BSU Back,La Trinidad,6.4,0.0,0.0,0.0
540041d1,22,,Atok,7.2,2.0,2.0,0.0
42b6ed46,51,,Atok,6.8,2.0,2.0,0.0
af69ce65,76,,Atok,7.2,1.0,2.0,0.0
ff096ba6,46,,Atok,7.2,1.0,2.0,0.0
5a6b5d06,129,,Atok,5.8,0.0,2.0,0.0
fe4689e1,52,BSU Back,La Trinidad,6.4,0.0,2.0,0.0
jan16_0064,17,Strawberry Farm,La Trinidad,6.8,1.0,0.0,0.0
f925907b,52,BSU Back,La Trinidad,6.4,0.0,2.0,0.0
dd1dc030,136,,Atok,7.2,1.0,1.0,0.0
09179da6,12,,Atok,6.4,2.0,0.0,0.0
48eaacee,5,,Atok,6.4,2.0,0.0,1.0
2469c897,58,BSU Back,La Trinidad,,1.0,1.0,0.0
a9151513,105,,Atok,7.2,0.0,2.0,0.0
dd2e5e62,53,BSU Back,La Trinidad,6.4,0.0,2.0,0.0
cb586c14,132,,Atok,6.8,1.0,2.0,0.0
0ec0e455,110,,Atok,6.4,1.0,0.0,0.0
dfb58411,123,,Atok,6.8,1.0,0.0,0.0
jan16_0098,20,Strawberry Farm,La Trinidad,6.0,0.0,0.0,0.0
e423d7c0,58,,Atok,7.2,1.0,2.0,0.0
49249862,49,BSU Back,La Trinidad,6.4,0.0,2.0,0.0
f59d058d,4,,Atok,6.4,2.0,1.0,1.0
be04f7ab,113,,Atok,6.8,1.0,0.0,0.0
9489f414,68,,Atok,7.2,1.0,1.0,1.0
c678b57a,77,,Atok,7.2,1.0,1.0,1.0
a4d611f7,125,,Atok,7.2,0.0,1.0,0.0
c90f4dcb,10,SF,La Trinidad,6.4,0.0,0.0,0.0
93331dd3,23,,Atok,6.4,2.0,0.0,0.0
92c98f3e,185,,Atok,7.2,2.0,2.0,0.0
cb553180,31,BSU Back,La Trinidad,7.2,1.0,1.0,0.0
a2dcc4ac,54,BSU Back,La Trinidad,6.4,0.0,2.0,0.0
b70e64eb,122,,Atok,6.4,1.0,1.0,0.0
1c3b48af,17,,La Trinidad,5.8,1.0,0.0,0.0
faba0868,35,,Atok,6.4,1.0,0.0,0.0
2d9235c6,19,BSU Back,La Trinidad,6.4,0.0,0.0,0.0
ea19f7a7,27,BSU Back,La Trinidad,6.8,0.0,1.0,0.0
a428ddaa,15,BSU Back,La Trinidad,6.8,0.0,0.0,0.0
49eacd3c,40,BSU Back,La Trinidad,6.4,0.0,2.0,0.0
jan16_0139,25,Strawberry Farm,La Trinidad,6.8,0.0,0.0,0.0
cad588c2,34,,Atok,6.4,1.0,2.0,0.0
829f2225,46,,Atok,7.2,1.0,2.0,0.0
de933859,184,,Atok,6.4,1.0,1.0,0.0
a542c8ce,70,,Atok,7.2,0.0,0.0,0.0
a042b2f3,71,,Atok,6.8,1.0,0.0,0.0
jan16_0038,14,Strawberry Farm,La Trinidad,6.4,0.0,0.0,0.0
6a472a8f,34,BSU Back,La Trinidad,6.8,0.0,0.0,0.0
b397aaa8,84,,Atok,7.2,1.0,2.0,0.0
6ff39026,23,,Atok,6.4,2.0,0.0,0.0
dd166f55,14,BSU Back,La Trinidad,5.8,0.0,1.0,0.0
00f45e18,46,BSU Back,La Trinidad,6.4,0.0,2.0,0.0
1275bf50,1,BSU Back,La Trinidad,6.4,1.0,0.0,0.0
d425a444,14,,La Trinidad,5.8,0.0,1.0,0.0
1d21bac0,9,BSU Back,La Trinidad,6.4,0.0,0.0,0.0
5da23915,16,BSU Back,La Trinidad,6.8,1.0,0.0,0.0
8eaedf41,113,,Atok,6.8,1.0,0.0,0.0
6c7a7e79,8,BSU Back,La Trinidad,6.4,1.0,1.0,0.0
982bf986,137,,Atok,7.2,1.0,2.0,0.0
jan16_0067,17,Strawberry Farm,La Trinidad,6.8,1.0,0.0,0.0
306357ad,23,BSU Back,La Trinidad,6.4,0.0,2.0,0.0
556f6d9e,135,,Atok,6.8,1.0,2.0,0.0
a50df653,39,BSU Back,La Trinidad,6.4,1.0,2.0,0.0
1403d8d9,119,,Atok,6.8,1.0,1.0,0.0
48476b12,185,,Atok,7.2,2.0,2.0,0.0
6818c550,115,,Atok,6.8,1.0,1.0,0.0
ced33788,157,,Atok,6.4,1.0,1.0,0.0
4cf02fa2,43,,Atok,7.2,2.0,2.0,0.0
0b5538c5,17,BSU Back,La Trinidad,5.8,1.0,0.0,0.0
1cfefa55,66,,Atok,7.2,1.0,0.0,
14f5bad6,20,,Atok,6.0,2.0,1.0,0.0
bd2bba72,7,,Atok,6.4,2.0,2.0,0.0
a3d80175,32,BSU Back,La Trinidad,6.8,0.0,2.0,0.0
f1b5b481,63,BSU Back,La Trinidad,,0.0,2.0,0.0
2e12c0f6,37,BSU Back,La Trinidad,7.2,0.0,2.0,0.0
b222b4b6,10,BSU Back,La Trinidad,6.4,0.0,0.0,0.0
aeeed204,1,BSU Back,La Trinidad,6.4,1.0,0.0,0.0
3d445d44,10,BSU Back,La Trinidad,6.4,0.0,0.0,0.0
13e3e8b0,55,BSU Back,La Trinidad,6.8,1.0,1.0,0.0
54a59d4e,39,BSU Back,La Trinidad,6.4,1.0,2.0,0.0
d549f452,9,,Atok,6.4,2.0,1.0,0.0
db27f1eb,1,BSU Back,La Trinidad,6.4,1.0,0.0,0.0
8366d661,27,SF,La Trinidad,6.8,1.0,0.0,0.0
jan16_0096,20,Strawberry Farm,La Trinidad,6.0,0.0,0.0,0.0
255acc8e,55,,La Trinidad,,,,
79136944,61,BSU Back,La Trinidad,,0.0,2.0,0.0
b053118b,15,BSU Back,La Trinidad,6.8,0.0,0.0,0.0
jan16_0101,20,Strawberry Farm,La Trinidad,6.0,0.0,0.0,0.0
fa05d776,23,BSU Back,La Trinidad,6.4,0.0,2.0,0.0
2b980e38,41,,Atok,6.4,2.0,2.0,0.0
5eb5fbbc,53,,Atok,6.8,2.0,2.0,0.0
d423836c,83,,Atok,6.8,1.0,1.0,0.0
b4d19c72,22,BSU Back,La Trinidad,6.4,0.0,2.0,0.0
8e92c8c6,45,BSU Back,La Trinidad,6.4,0.0,2.0,0.0
11de4df9,60,BSU Back,La Trinidad,,1.0,2.0,0.0
13801d29,83,,Atok,6.8,1.0,1.0,0.0
f538e130,26,BSU Back,La Trinidad,7.2,0.0,2.0,0.0
cca565c8,18,,Atok,6.0,2.0,0.0,0.0
159c3310,4,BSU Back,La Trinidad,6.4,0.0,0.0,0.0
b9c8f800,32,BSU Back,La Trinidad,6.8,0.0,2.0,0.0
3d334975,40,,Atok,6.4,1.0,1.0,1.0
3ad9bb6f,11,BSU Back,La Trinidad,5.8,1.0,0.0,0.0
ad7aa9ea,28,,Atok,6.8,1.0,2.0,0.0
e97c8cb4,20,BSU Back,La Trinidad,6.4,0.0,2.0,0.0
234ac36e,78,,Atok,7.2,1.0,2.0,0.0
72d742a8,2,,Atok,6.4,2.0,0.0,1.0
4b4a83d6,53,BSU Back,La Trinidad,6.4,0.0,2.0,0.0
4ebe6ece,13,BSU Back,La Trinidad,5.8,0.0,0.0,0.0
0796a715,65,BSU Back,La Trinidad,,0.0,1.0,0.0
6f75f99b,37,BSU Back,La Trinidad,7.2,0.0,2.0,0.0
75b735b5,49,BSU Back,La Trinidad,6.4,0.0,2.0,0.0
d57b9faa,108,,Atok,6.8,1.0,0.0,0.0
9cdf5593,65,BSU Back,La Trinidad,,0.0,1.0,0.0
789c8517,27,BSU Back,La Trinidad,6.8,0.0,1.0,0.0
7ab9485a,3,BSU Back,La Trinidad,6.4,0.0,0.0,0.0
059f7ba7,29,SF,La Trinidad,6.8,1.0,0.0,1.0
14b7b2d2,2,BSU Back,La Trinidad,6.4,0.0,0.0,0.0
4218955e,27,,Atok,6.4,2.0,2.0,0.0
34c67ad0,107,,Atok,7.2,0.0,1.0,0.0
112ef8c4,1,BSU Back,La Trinidad,6.4,1.0,0.0,0.0
7d1c5d50,184,,Atok,6.4,1.0,1.0,0.0
d04b1dec,7,SF,La Trinidad,6.4,0.0,0.0,1.0
c00dff87,39,BSU Back,La Trinidad,6.4,1.0,2.0,0.0
cce01401,21,BSU Back,La Trinidad,6.4,0.0,2.0,0.0
jan16_0085,2,Strawberry Farm,La Trinidad,6.4,1.0,0.0,0.0
jan16_0110,22,Strawberry Farm,La Trinidad,6.4,0.0,0.0,0.0
17226b3f,59,BSU Back,La Trinidad,,1.0,2.0,0.0
jan16_0208,9,Strawberry Farm,La Trinidad,7.2,0.0,0.0,0.0
e0356485,31,BSU Back,La Trinidad,7.2,1.0,1.0,0.0
788f5d81,32,,Atok,6.0,1.0,2.0,0.0
f83b4740,7,,Atok,6.4,2.0,2.0,0.0
jan16_0124,24,Strawberry Farm,La Trinidad,6.8,0.0,1.0,1.0
a4dcf1b8,53,BSU Back,La Trinidad,6.4,0.0,2.0,0.0
71a70d8c,169,,Atok,5.4,1.0,2.0,0.0
6ec31502,4,,Atok,6.4,2.0,1.0,1.0
adf5e9c7,14,,Atok,6.4,2.0,0.0,1.0
jan16_0196,7,Strawberry Farm,La Trinidad,6.4,0.0,0.0,1.0
4376f718,48,,Atok,7.2,1.0,1.0,0.0
c7c9248b,37,BSU Back,La Trinidad,7.2,0.0,2.0,0.0
526d2fca,7,BSU Back,La Trinidad,6.4,1.0,1.0,0.0
27e3d45b,107,,Atok,7.2,0.0,1.0,0.0
f9c6f5f5,38,BSU Back,La Trinidad,6.4,0.0,0.0,0.0
3c9dee1a,137,,Atok,7.2,1.0,2.0,0.0
c07e56b9,156,,Atok,6.4,1.0,0.0,0.0
jan16_0094,2,Strawberry Farm,La Trinidad,6.4,1.0,0.0,0.0
639f2a32,18,BSU Back,La Trinidad,5.8,1.0,1.0,1.0
jan16_0021,10,Strawberry Farm,La Trinidad,6.4,0.0,0.0,0.0
732a415b,20,BSU Back,La Trinidad,6.4,0.0,2.0,0.0
2a2e7ac0,6,BSU Back,La Trinidad,6.4,0.0,0.0,0.0
934ea7e4,3,,Atok,6.4,2.0,1.0,0.0
c7be660f,61,BSU Back,La Trinidad,,0.0,2.0,0.0
34005069,84,,Atok,7.2,1.0,2.0,0.0
a4778bdf,21,BSU Back,La Trinidad,6.4,0.0,2.0,0.0
jan16_0148,27,Strawberry Farm,La Trinidad,6.8,1.0,0.0,0.0
b2e81ac4,160,,Atok,6.4,,2.0,0.0
dd052179,6,BSU Back,La Trinidad,6.4,0.0,0.0,0.0
10db84c3,33,,Atok,6.4,1.0,0.0,0.0
20d74583,89,,Atok,7.2,0.0,2.0,0.0
1078942b,75,,Atok,7.2,1.0,0.0,0.0
843e3ac0,12,,Atok,6.4,2.0,0.0,0.0
786fb020,129,,Atok,5.8,0.0,2.0,0.0
cd47f280,31,,Atok,5.8,2.0,1.0,0.0
9629928b,30,BSU Back,La Trinidad,6.8,0.0,2.0,0.0
071db45d,12,SF,La Trinidad,6.4,0.0,1.0,0.0
a6279151,53,,Atok,6.8,2.0,2.0,0.0
6f00508c,17,,La Trinidad,5.8,1.0,0.0,0.0
19dbcbf3,47,BSU Back,La Trinidad,,0.0,2.0,0.0
jan16_0055,16,Strawberry Farm,La Trinidad,6.0,0.0,0.0,0.0
7cfd7291,78,,Atok,7.2,1.0,2.0,0.0
9de47a85,18,BSU Back,La Trinidad,5.8,1.0,1.0,1.0
25ab33ac,42,BSU Back,La Trinidad,6.4,0.0,2.0,0.0
c8d45e88,32,BSU Back,La Trinidad,6.8,0.0,2.0,0.0
6e2811fa,52,BSU Back,La Trinidad,6.4,0.0,2.0,0.0
9aabee06,105,,Atok,7.2,0.0,2.0,0.0
03530df5,2,BSU Back,La Trinidad,6.4,0.0,0.0,0.0
ecedb774,38,BSU Back,La Trinidad,6.4,0.0,0.0,0.0
284c81ef,39,BSU Back,La Trinidad,6.4,1.0,2.0,0.0
1ef0eb53,30,BSU Back,La Trinidad,6.8,0.0,2.0,0.0
jan16_0121,23,Strawberry Farm,La Trinidad,7.2,1.0,0.0,0.0
f84d0a5d,65,BSU Back,La Trinidad,,0.0,1.0,0.0
1fd79c5a,125,,Atok,7.2,0.0,1.0,0.0
7ddafb98,47,BSU Back,La Trinidad,,0.0,2.0,0.0
223ab1c9,26,,Atok,6.4,2.0,0.0,0.0
jan16_0062,17,Strawberry Farm,La Trinidad,6.8,1.0,0.0,0.0
bc6ed7e3,10,,Atok,6.4,2.0,2.0,0.0
11179e43,38,BSU Back,La Trinidad,6.4,0.0,0.0,0.0
4c7148da,42,,Atok,6.8,2.0,1.0,0.0
jan16_0008,12,Strawberry Farm,La Trinidad,6.4,0.0,1.0,0.0
5a51d5cb,43,BSU Back,La Trinidad,6.4,0.0,2.0,0.0
85ae57bd,4,,Atok,6.4,2.0,1.0,1.0
bfc436f5,148,,Atok,6.8,1.0,2.0,0.0
43e5eb4f,40,BSU Back,La Trinidad,6.4,0.0,2.0,0.0
ee5febf3,145,,Atok,6.8,0.0,1.0,0.0
bd7281d0,110,,Atok,6.4,1.0,0.0,0.0
392f0f12,30,BSU Back,La Trinidad,6.8,0.0,2.0,0.0
jan16_0068,17,Strawberry Farm,La Trinidad,6.8,1.0,0.0,0.0
b519c46e,30,,Atok,5.8,1.0,0.0,0.0
jan16_0167,29,Strawberry Farm,La Trinidad,6.8,1.0,0.0,1.0
3e8230c8,24,BSU Back,La Trinidad,7.2,0.0,0.0,0.0
94e1d618,99,,Atok,6.8,0.0,1.0,0.0
a18676dc,1,BSU Back,La Trinidad,6.4,1.0,0.0,0.0
d349fa5d,175,,Atok,6.4,1.0,2.0,0.0
a6455066,21,SF,La Trinidad,6.4,1.0,0.0,0.0
758158f2,123,,Atok,6.8,1.0,0.0,0.0
jan16_0039,14,Strawberry Farm,La Trinidad,6.4,0.0,0.0,0.0
7c4f3b50,36,BSU Back,La Trinidad,7.2,1.0,2.0,0.0
fe61f8c3,61,BSU Back,La Trinidad,,0.0,2.0,0.0
a9b21973,27,,Atok,6.4,2.0,2.0,0.0
be35ca2c,19,BSU Back,La Trinidad,6.4,0.0,0.0,0.0
6fbad58d,25,BSU Back,La Trinidad,7.2,0.0,2.0,0.0
3e78be4f,76,,Atok,7.2,1.0,2.0,0.0
d8888a58,21,BSU Back,La Trinidad,6.4,0.0,2.0,0.0
313f1e0b,19,BSU Back,La Trinidad,6.4,0.0,0.0,0.0
b9538afa,41,,Atok,6.4,2.0,2.0,0.0
5c189753,90,,Atok,7.2,0.0,2.0,0.0
5a7e6c14,164,,Atok,6.8,1.0,1.0,0.0
e079d418,71,,Atok,6.8,1.0,0.0,0.0
jan16_0012,6,Strawberry Farm,La Trinidad,6.8,1.0,0.0,0.0
jan16_0136,25,Strawberry Farm,La Trinidad,6.8,0.0,0.0,0.0
79610d58,53,,Atok,6.8,2.0,2.0,0.0
520cf515,32,BSU Back,La Trinidad,6.8,0.0,2.0,0.0
c8ac668c,59,BSU Back,La Trinidad,,1.0,2.0,0.0
da418a3a,172,,Atok,6.2,1.0,2.0,0.0
7e187c6f,55,BSU Back,La Trinidad,6.8,1.0,1.0,0.0
f487b9a5,18,SF,La Trinidad,6.8,0.0,0.0,0.0
2f88a12b,77,,Atok,7.2,1.0,1.0,1.0
jan16_0043,14,Strawberry Farm,La Trinidad,6.4,0.0,0.0,0.0
fe55e775,38,,Atok,6.0,2.0,2.0,0.0
jan16_0154,28,Strawberry Farm,La Trinidad,6.8,1.0,0.0,1.0
6a768c9a,174,,Atok,7.2,1.0,2.0,0.0
983a8aaf,29,,Atok,4.8,1.0,2.0,0.0
794e4c26,91,,Atok,7.2,0.0,0.0,0.0
06c7f03f,47,BSU Back,La Trinidad,,0.0,2.0,0.0
jan16_0205,9,Strawberry Farm,La Trinidad,7.2,0.0,0.0,0.0
ae0fb0e4,92,,Atok,7.2,0.0,1.0,0.0
98af3b76,160,,Atok,6.4,,2.0,0.0
c95bce27,63,BSU Back,La Trinidad,,0.0,2.0,0.0
9470926d,28,BSU Back,La Trinidad,6.8,1.0,0.0,0.0
efd4d879,31,BSU Back,La Trinidad,7.2,1.0,1.0,0.0
21a8fb1b,48,BSU Back,La Trinidad,6.4,1.0,1.0,0.0
efa298f2,16,BSU Back,La Trinidad,6.8,1.0,0.0,0.0
jan16_0063,17,Strawberry Farm,La Trinidad,6.8,1.0,0.0,0.0
bf4277b9,127,,Atok,7.2,1.0,0.0,0.0
c33884ca,27,SF,La Trinidad,6.8,1.0,0.0,0.0
e504924a,16,BSU Back,La Trinidad,6.8,1.0,0.0,0.0
dcf14726,1,,Atok,6.4,2.0,0.0,0.0
9eecd06e,25,SF,La Trinidad,6.8,0.0,0.0,0.0
1f73aef2,25,BSU Back,La Trinidad,7.2,0.0,2.0,0.0
43ab01e0,25,BSU Back,La Trinidad,7.2,0.0,2.0,0.0
3a5a0b6b,34,,Atok,6.4,1.0,2.0,0.0
6868ef6e,25,,Atok,7.2,2.0,0.0,1.0
5c8cadd9,87,,Atok,7.2,0.0,2.0,0.0
26a8f6b6,24,BSU Back,La Trinidad,7.2,0.0,0.0,0.0
c9c03684,18,BSU Back,La Trinidad,5.8,1.0,1.0,1.0
3cbbe441,65,BSU Back,La Trinidad,,0.0,1.0,0.0
39f8e121,166,,Atok,6.8,1.0,0.0,0.0
9c5c81f7,54,,Atok,6.4,2.0,2.0,0.0
832a1dd7,12,BSU Back,La Trinidad,6.8,0.0,0.0,0.0
0954dc70,83,,Atok,6.8,1.0,1.0,0.0
879fc5e7,57,BSU Back,La Trinidad,6.4,1.0,2.0,0.0
ed56698c,50,BSU Back,La Trinidad,6.4,0.0,2.0,0.0
13229594,171,,Atok,7.2,1.0,1.0,0.0
ed1bff33,131,,Atok,6.8,1.0,2.0,0.0
90c59f38,29,,Atok,4.8,1.0,2.0,0.0
4615b73d,58,,Atok,7.2,1.0,2.0,0.0
ba59eb68,108,,Atok,6.8,1.0,0.0,0.0
jan16_0185,5,Strawberry Farm,La Trinidad,6.8,0.0,0.0,0.0
854e9ff0,22,BSU Back,La Trinidad,6.4,0.0,2.0,0.0
1cbd1b47,4,BSU Back,La Trinidad,6.4,0.0,0.0,0.0
1198732d,26,BSU Back,La Trinidad,7.2,0.0,2.0,0.0
5302f433,31,BSU Back,La Trinidad,7.2,1.0,1.0,0.0
6cc169e0,66,,Atok,7.2,1.0,0.0,
a4fe9aba,92,,Atok,7.2,0.0,1.0,0.0
0725db68,40,,Atok,6.4,1.0,1.0,1.0
9b7296ec,176,,Atok,5.4,1.0,2.0,0.0
c3847e43,125,,Atok,7.2,0.0,1.0,0.0
01e329ed,65,BSU Back,La Trinidad,,0.0,1.0,0.0
4706c409,13,SF,La Trinidad,6.4,0.0,0.0,0.0
768f84b5,19,BSU Back,La Trinidad,6.4,0.0,0.0,0.0
6df1ef85,44,BSU Back,La Trinidad,6.8,0.0,2.0,0.0
69073346,184,,Atok,6.4,1.0,1.0,0.0
80dc8c99,8,BSU Back,La Trinidad,6.4,1.0,1.0,0.0
jan16_0095,20,Strawberry Farm,La Trinidad,6.0,0.0,0.0,0.0
1ff25725,57,BSU Back,La Trinidad,6.4,1.0,2.0,0.0
7af8144a,59,,Atok,7.2,2.0,2.0,0.0
95107b3a,25,,Atok,7.2,2.0,0.0,1.0
jan16_0146,26,Strawberry Farm,La Trinidad,7.2,0.0,0.0,0.0
39f7ec81,164,,Atok,6.8,1.0,1.0,0.0
4d98bc98,5,BSU Back,La Trinidad,6.8,0.0,0.0,0.0
730b76a9,7,BSU Back,La Trinidad,6.4,1.0,1.0,0.0
70b6c8d7,36,,Atok,6.4,2.0,2.0,0.0
ab7d4593,2,BSU Back,La Trinidad,6.4,0.0,0.0,0.0
500f3641,61,BSU Back,La Trinidad,,0.0,2.0,0.0
b2c8ad23,80,,Atok,6.8,0.0,2.0,0.0
a50a15fd,41,BSU Back,La Trinidad,,1.0,2.0,0.0
036cbb83,30,,Atok,5.8,1.0,0.0,0.0
38e14fa5,35,BSU Back,La Trinidad,6.4,1.0,0.0,0.0
jan16_0133,25,Strawberry Farm,La Trinidad,6.8,0.0,0.0,0.0
b2d31087,19,,Atok,7.2,2.0,0.0,0.0
f5153a2f,52,,Atok,6.8,2.0,2.0,0.0
698e1d93,1,,Atok,6.4,2.0,0.0,0.0
35c52428,88,,Atok,6.8,0.0,2.0,0.0
23da0fff,6,BSU Back,La Trinidad,6.4,0.0,0.0,0.0
jan16_0164,29,Strawberry Farm,La Trinidad,6.8,1.0,0.0,1.0
8985d55b,47,BSU Back,La Trinidad,,0.0,2.0,0.0
ec88f187,14,,La Trinidad,5.8,0.0,1.0,0.0
f30c5579,9,BSU Back,La Trinidad,6.4,0.0,0.0,0.0
6a2309a9,16,BSU Back,La Trinidad,6.8,1.0,0.0,0.0
jan16_0100,20,Strawberry Farm,La Trinidad,6.0,0.0,0.0,0.0
95a6baee,1,,Atok,6.4,2.0,0.0,0.0
6978a6ff,55,BSU Back,La Trinidad,6.8,1.0,1.0,0.0
608bbec2,19,BSU Back,La Trinidad,6.4,0.0,0.0,0.0
987aa828,55,,La Trinidad,,,,
jan16_0035,13,Strawberry Farm,La Trinidad,6.4,0.0,0.0,0.0
7c0f618d,27,BSU Back,La Trinidad,6.8,0.0,1.0,0.0
d6e813ab,56,,Atok,7.2,2.0,2.0,0.0
71566258,166,,Atok,6.8,1.0,0.0,0.0
c863b115,44,BSU Back,La Trinidad,6.8,0.0,2.0,0.0
8934e8b8,128,,Atok,5.8,1.0,2.0,0.0
46cc94c5,25,,Atok,7.2,2.0,0.0,1.0
15330670,125,,Atok,7.2,0.0,1.0,0.0
336783b1,23,SF,La Trinidad,7.2,1.0,0.0,0.0
1f64a960,12,BSU Back,La Trinidad,6.8,0.0,0.0,0.0
55315d2c,4,BSU Back,La Trinidad,6.4,0.0,0.0,0.0
135dc81d,55,BSU Back,La Trinidad,6.8,1.0,1.0,0.0
jan16_0202,8,Strawberry Farm,La Trinidad,6.8,1.0,0.0,0.0
574ed42a,70,,Atok,7.2,0.0,0.0,0.0
8b20058c,11,,La Trinidad,5.8,1.0,0.0,0.0
343d669f,16,BSU Back,La Trinidad,6.8,1.0,0.0,0.0
fc67023d,49,BSU Back,La Trinidad,6.4,0.0,2.0,0.0
2fd99972,37,,Atok,6.0,2.0,2.0,0.0
5a39c3f5,60,BSU Back,La Trinidad,,1.0,2.0,0.0
jan16_0056,16,Strawberry Farm,La Trinidad,6.0,0.0,0.0,0.0
cc3e974d,22,BSU Back,La Trinidad,6.4,0.0,2.0,0.0
42bc6f16,8,,Atok,6.8,2.0,0.0,0.0
5327d4ab,129,,Atok,5.8,0.0,2.0,0.0
4900c30e,19,,Atok,7.2,2.0,0.0,0.0
10744bb4,54,,La Trinidad,,,,
jan16_0191,7,Strawberry Farm,La Trinidad,6.4,0.0,0.0,1.0
7d1d9806,29,,Atok,4.8,1.0,2.0,0.0
d670e686,51,BSU Back,La Trinidad,6.4,0.0,2.0,0.0
c84f4fdd,56,BSU Back,La Trinidad,6.4,1.0,2.0,0.0
7f38948d,64,BSU Back,La Trinidad,,0.0,2.0,0.0
fbe801ff,87,,Atok,7.2,0.0,2.0,0.0
bd0c1620,26,BSU Back,La Trinidad,7.2,0.0,2.0,0.0
9f7bba72,104,,Atok,7.2,0.0,0.0,0.0
7abbb413,51,,Atok,6.8,2.0,2.0,0.0
jan16_0203,8,Strawberry Farm,La Trinidad,6.8,1.0,0.0,0.0
f51822ab,41,,Atok,6.4,2.0,2.0,0.0
fd2d0000,50,BSU Back,La Trinidad,6.4,0.0,2.0,0.0
a50e3259,176,,Atok,5.4,1.0,2.0,0.0
799363ed,19,SF,La Trinidad,6.8,0.0,1.0,0.0
b494b096,99,,Atok,6.8,0.0,1.0,0.0
a75dace3,11,,La Trinidad,5.8,1.0,0.0,0.0
13c3aef2,141,,Atok,6.8,1.0,2.0,0.0
465ad46c,62,BSU Back,La Trinidad,,0.0,2.0,0.0
6bc77824,51,,Atok,6.8,2.0,2.0,0.0
655350f9,70,,Atok,7.2,0.0,0.0,0.0
fcf9462c,128,,Atok,5.8,1.0,2.0,0.0
9a63018a,8,BSU Back,La Trinidad,6.4,1.0,1.0,0.0
a49477b8,90,,Atok,7.2,0.0,2.0,0.0
96bf360c,1,BSU Back,La Trinidad,6.4,1.0,0.0,0.0
5bc73340,8,,La Trinidad,6.4,1.0,1.0,0.0
fc894f12,53,,Atok,6.8,2.0,2.0,0.0
0a3ad119,169,,Atok,5.4,1.0,2.0,0.0
cf8ce437,74,,Atok,7.2,2.0,1.0,0.0
3a70696c,33,,Atok,6.4,1.0,0.0,0.0
57b4a771,17,SF,La Trinidad,6.8,1.0,0.0,0.0
73528ca0,92,,Atok,7.2,0.0,1.0,0.0
87b1e9aa,38,,Atok,6.0,2.0,2.0,0.0
jan16_0115,23,Strawberry Farm,La Trinidad,7.2,1.0,0.0,0.0
2244af36,170,,Atok,7.2,,2.0,0.0
f3a634a8,2,BSU Back,La Trinidad,6.4,0.0,0.0,0.0
a3baa6ee,23,BSU Back,La Trinidad,6.4,0.0,2.0,0.0
8fe759bd,18,BSU Back,La Trinidad,5.8,1.0,1.0,1.0
7ba3ea1b,43,BSU Back,La Trinidad,6.4,0.0,2.0,0.0
5fe94882,65,BSU Back,La Trinidad,,0.0,1.0,0.0
jan16_0073,18,Strawberry Farm,La Trinidad,6.8,0.0,0.0,0.0
2af289f7,3,BSU Back,La Trinidad,6.4,0.0,0.0,0.0
7a3ecaed,105,,Atok,7.2,0.0,2.0,0.0
b97ae4c9,149,,Atok,7.2,2.0,1.0,0.0
5d778c89,171,,Atok,7.2,1.0,1.0,0.0
3ad316e7,16,,Atok,7.2,2.0,0.0,1.0
2416b889,179,,Atok,6.8,1.0,2.0,0.0
d61aeed2,12,BSU Back,La Trinidad,6.8,0.0,0.0,0.0
c6b6029a,123,,Atok,6.8,1.0,0.0,0.0
28d7c0e0,155,,Atok,6.8,1.0,0.0,0.0
8089d36b,2,BSU Back,La Trinidad,6.4,0.0,0.0,0.0
b222d1e0,32,BSU Back,La Trinidad,6.8,0.0,2.0,0.0
0df75e31,19,BSU Back,La Trinidad,6.4,0.0,0.0,0.0
77c9bd46,146,,Atok,7.2,1.0,2.0,0.0
bcd05f83,131,,Atok,6.8,1.0,2.0,0.0
30b0f623,129,,Atok,5.8,0.0,2.0,0.0
cd177cfc,49,,Atok,6.8,1.0,1.0,0.0
9fee8afb,17,BSU Back,La Trinidad,5.8,1.0,0.0,0.0
15140475,7,BSU Back,La Trinidad,6.4,1.0,1.0,0.0
5bbc7c15,42,,Atok,6.8,2.0,1.0,0.0
c85082e0,13,,La Trinidad,5.8,0.0,0.0,0.0
9e6ba7a1,21,BSU Back,La Trinidad,6.4,0.0,2.0,0.0
daf85e6e,53,BSU Back,La Trinidad,6.4,0.0,2.0,0.0
d7705bc9,26,BSU Back,La Trinidad,7.2,0.0,2.0,0.0
6bb55ff5,27,BSU Back,La Trinidad,6.8,0.0,1.0,0.0
704ad8fd,7,BSU Back,La Trinidad,6.4,1.0,1.0,0.0
jan16_0049,15,Strawberry Farm,La Trinidad,6.8,0.0,0.0,0.0
f45177aa,61,BSU Back,La Trinidad,,0.0,2.0,0.0
29c36fd5,24,SF,La Trinidad,6.8,0.0,1.0,1.0
d5959e40,50,BSU Back,La Trinidad,6.4,0.0,2.0,0.0
5badcc8a,66,,Atok,7.2,1.0,0.0,
b311722a,14,,La Trinidad,5.8,0.0,1.0,0.0
4e006146,9,,Atok,6.4,2.0,1.0,0.0
8d1ee330,39,BSU Back,La Trinidad,6.4,1.0,2.0,0.0
800fbc4f,36,BSU Back,La Trinidad,7.2,1.0,2.0,0.0
54d514d5,21,SF,La Trinidad,6.4,1.0,0.0,0.0
0e44f2b0,16,,Atok,7.2,2.0,0.0,1.0
26970d07,4,,Atok,6.4,2.0,1.0,1.0
80fb8803,53,BSU Back,La Trinidad,6.4,0.0,2.0,0.0
13fa3435,1,,Atok,6.4,2.0,0.0,0.0
5eae1c56,55,BSU Back,La Trinidad,6.8,1.0,1.0,0.0
jan16_0030,13,Strawberry Farm,La Trinidad,6.4,0.0,0.0,0.0
2495d77e,180,,Atok,7.2,,1.0,0.0
9df84ddc,14,BSU Back,La Trinidad,5.8,0.0,1.0,0.0
1b84e5fb,53,BSU Back,La Trinidad,6.4,0.0,2.0,0.0
cf0dc8e7,46,BSU Back,La Trinidad,6.4,0.0,2.0,0.0
jan16_0109,22,Strawberry Farm,La Trinidad,6.4,0.0,0.0,0.0
0b984dd8,25,BSU Back,La Trinidad,7.2,0.0,2.0,0.0
97bfb924,54,BSU Back,La Trinidad,6.4,0.0,2.0,0.0
84b28024,7,BSU Back,La Trinidad,6.4,1.0,1.0,0.0
jan16_0193,7,Strawberry Farm,La Trinidad,6.4,0.0,0.0,1.0
7cfb041f,1,BSU Back,La Trinidad,6.4,1.0,0.0,0.0
b78157dd,93,,Atok,7.2,0.0,2.0,1.0
jan16_0054,16,Strawberry Farm,La Trinidad,6.0,0.0,0.0,0.0
f01ef4c7,6,BSU Back,La Trinidad,6.4,0.0,0.0,0.0
jan16_0128,24,Strawberry Farm,La Trinidad,6.8,0.0,1.0,1.0
15b08e7e,32,,Atok,6.0,1.0,2.0,0.0
d50692f6,3,BSU Back,La Trinidad,6.4,0.0,0.0,0.0
ceeb846d,31,,Atok,5.8,2.0,1.0,0.0
jan16_0183,4,Strawberry Farm,La Trinidad,6.8,0.0,0.0,0.0
9c7b24cb,5,,Atok,6.4,2.0,0.0,1.0
4c8bf96a,93,,Atok,7.2,0.0,2.0,1.0
2f98ac81,17,BSU Back,La Trinidad,5.8,1.0,0.0,0.0
99f6f364,51,BSU Back,La Trinidad,6.4,0.0,2.0,0.0
jan16_0168,29,Strawberry Farm,La Trinidad,6.8,1.0,0.0,1.0
bd353a0c,153,,Atok,6.4,0.0,2.0,0.0
jan16_0083,19,Strawberry Farm,La Trinidad,6.8,0.0,1.0,0.0
f6c517c6,61,BSU Back,La Trinidad,,0.0,2.0,0.0
b3e6178d,8,,Atok,6.8,2.0,0.0,0.0
d615d4ba,19,SF,La Trinidad,6.8,0.0,1.0,0.0
fe0ca83a,7,BSU Back,La Trinidad,6.4,1.0,1.0,0.0
46317f0a,164,,Atok,6.8,1.0,1.0,0.0
b94f9fbe,56,BSU Back,La Trinidad,6.4,1.0,2.0,0.0
4f036832,18,,La Trinidad,5.8,1.0,1.0,1.0
1a215050,15,BSU Back,La Trinidad,6.8,0.0,0.0,0.0
b53c3457,27,,Atok,6.4,2.0,2.0,0.0
47884f62,18,,Atok,6.0,2.0,0.0,0.0
58255c29,76,,Atok,7.2,1.0,2.0,0.0
9ac9c1b1,1,,Atok,6.4,2.0,0.0,0.0
25677ecd,13,BSU Back,La Trinidad,5.8,0.0,0.0,0.0
06781ba2,137,,Atok,7.2,1.0,2.0,0.0
04719b59,20,SF,La Trinidad,6.0,0.0,0.0,0.0
c765bed2,59,,Atok,7.2,2.0,2.0,0.0
4095148a,20,BSU Back,La Trinidad,6.4,0.0,2.0,0.0
70308b88,179,,Atok,6.8,1.0,2.0,0.0
jan16_0065,17,Strawberry Farm,La Trinidad,6.8,1.0,0.0,0.0
5fa5d7da,42,BSU Back,La Trinidad,6.4,0.0,2.0,0.0
50159dae,9,SF,La Trinidad,7.2,0.0,0.0,0.0
148417d7,73,,Atok,7.2,1.0,1.0,1.0
953df609,19,,Atok,7.2,2.0,0.0,0.0
7249c58c,152,,Atok,7.2,0.0,1.0,0.0
jan16_0026,11,Strawberry Farm,La Trinidad,6.4,0.0,1.0,0.0
0f5fe6d3,156,,Atok,6.4,1.0,0.0,0.0
831b05b7,73,,Atok,7.2,1.0,1.0,1.0
ff1ccd24,120,,Atok,6.0,1.0,1.0,0.0
733400b4,15,BSU Back,La Trinidad,6.8,0.0,0.0,0.0
d864cd9c,10,,La Trinidad,6.4,0.0,0.0,0.0
d0fb74d2,8,BSU Back,La Trinidad,6.4,1.0,1.0,0.0
b092d941,15,BSU Back,La Trinidad,6.8,0.0,0.0,0.0
8c4f74e7,9,BSU Back,La Trinidad,6.4,0.0,0.0,0.0
jan16_0151,27,Strawberry Farm,La Trinidad,6.8,1.0,0.0,0.0
417d8032,143,,Atok,6.8,1.0,2.0,0.0
4bb96ba3,59,BSU Back,La Trinidad,,1.0,2.0,0.0
23b4a903,10,BSU Back,La Trinidad,6.4,0.0,0.0,0.0
b27c4fc1,54,,La Trinidad,,,,
25a7c98e,9,,La Trinidad,6.4,0.0,0.0,0.0
9665d8fe,17,BSU Back,La Trinidad,5.8,1.0,0.0,0.0
50f37ae8,29,SF,La Trinidad,6.8,1.0,0.0,1.0
b98b6be8,42,,Atok,6.8,2.0,1.0,0.0
jan16_0156,28,Strawberry Farm,La Trinidad,6.8,1.0,0.0,1.0
46909eb2,161,,Atok,6.4,1.0,0.0,0.0
233dff40,83,,Atok,6.8,1.0,1.0,0.0
5f528a0b,9,SF,La Trinidad,7.2,0.0,0.0,0.0
jan16_0093,2,Strawberry Farm,La Trinidad,6.4,1.0,0.0,0.0
b508c34c,51,BSU Back,La Trinidad,6.4,0.0,2.0,0.0
36582afc,3,BSU Back,La Trinidad,6.4,0.0,0.0,0.0
e0c2b357,64,BSU Back,La Trinidad,,0.0,2.0,0.0
5bda09b8,11,,Atok,6.8,2.0,0.0,1.0
03640891,42,,Atok,6.8,2.0,1.0,0.0
d498dfc7,60,BSU Back,La Trinidad,,1.0,2.0,0.0
ad5b6bb1,34,BSU Back,La Trinidad,6.8,0.0,0.0,0.0
dedfefa5,44,BSU Back,La Trinidad,6.8,0.0,2.0,0.0
719227c1,39,BSU Back,La Trinidad,6.4,1.0,2.0,0.0
4563b2b8,63,BSU Back,La Trinidad,,0.0,2.0,0.0
79962287,32,BSU Back,La Trinidad,6.8,0.0,2.0,0.0
8cff4ad9,145,,Atok,6.8,0.0,1.0,0.0
af0e8e74,150,,Atok,6.4,1.0,2.0,0.0
jan16_0104,20,Strawberry Farm,La Trinidad,6.0,0.0,0.0,0.0
a188398a,41,BSU Back,La Trinidad,,1.0,2.0,0.0
909b32eb,40,BSU Back,La Trinidad,6.4,0.0,2.0,0.0
a9fa4ea1,18,BSU Back,La Trinidad,5.8,1.0,1.0,1.0
f0461b72,14,,Atok,6.4,2.0,0.0,1.0
2f426f70,82,,Atok,6.8,1.0,1.0,0.0
jan16_0059,16,Strawberry Farm,La Trinidad,6.0,0.0,0.0,0.0
439650d1,49,BSU Back,La Trinidad,6.4,0.0,2.0,0.0
5a238577,93,,Atok,7.2,0.0,2.0,1.0
aea410fb,64,BSU Back,La Trinidad,,0.0,2.0,0.0
57105dcf,39,BSU Back,La Trinidad,6.4,1.0,2.0,0.0
0a56ee5c,27,BSU Back,La Trinidad,6.8,0.0,1.0,0.0
14ff6710,60,BSU Back,La Trinidad,,1.0,2.0,0.0
46e9c8eb,36,BSU Back,La Trinidad,7.2,1.0,2.0,0.0
d9cdf795,175,,Atok,6.4,1.0,2.0,0.0
a5faa458,34,,Atok,6.4,1.0,2.0,0.0
c969be88,91,,Atok,7.2,0.0,0.0,0.0
a7079b63,55,,La Trinidad,,,,
jan16_0087,2,Strawberry Farm,La Trinidad,6.4,1.0,0.0,0.0
0235e64e,6,,Atok,6.4,2.0,0.0,0.0
61fbea3b,60,BSU Back,La Trinidad,,1.0,2.0,0.0
jan16_0105,21,Strawberry Farm,La Trinidad,6.4,1.0,0.0,0.0
afc08a30,80,,Atok,6.8,0.0,2.0,0.0
704fd882,79,,Atok,7.2,1.0,2.0,1.0
58e6e7fb,36,BSU Back,La Trinidad,7.2,1.0,2.0,0.0
f9d6243a,57,BSU Back,La Trinidad,6.4,1.0,2.0,0.0
1fe2e18c,23,BSU Back,La Trinidad,6.4,0.0,2.0,0.0
6b416765,55,BSU Back,La Trinidad,6.8,1.0,1.0,0.0
5e329e29,55,BSU Back,La Trinidad,6.8,1.0,1.0,0.0
ee4123d5,70,,Atok,7.2,0.0,0.0,0.0
a857fe14,3,,Atok,6.4,2.0,1.0,0.0
23079a73,7,SF,La Trinidad,6.4,0.0,0.0,1.0
6f01d3ff,36,BSU Back,La Trinidad,7.2,1.0,2.0,0.0
4f425290,23,BSU Back,La Trinidad,6.4,0.0,2.0,0.0
4bcaa4ae,167,,Atok,7.2,1.0,2.0,0.0
13f2f155,9,,La Trinidad,6.4,0.0,0.0,0.0
834bcb5f,31,BSU Back,La Trinidad,7.2,1.0,1.0,0.0
248fbb73,21,,Atok,6.4,2.0,0.0,0.0
0223f024,41,BSU Back,La Trinidad,,1.0,2.0,0.0
fa28dc59,39,,Atok,6.0,2.0,2.0,0.0
jan16_0188,5,Strawberry Farm,La Trinidad,6.8,0.0,0.0,0.0
jan16_0130,24,Strawberry Farm,La Trinidad,6.8,0.0,1.0,1.0
bcd63fbf,21,BSU Back,La Trinidad,6.4,0.0,2.0,0.0
43bdd346,17,,La Trinidad,5.8,1.0,0.0,0.0
c400718e,15,,La Trinidad,6.8,0.0,0.0,0.0
cc78bce0,18,BSU Back,La Trinidad,5.8,1.0,1.0,1.0
c95fc84a,183,,Atok,6.4,1.0,1.0,0.0
a79e2740,55,BSU Back,La Trinidad,6.8,1.0,1.0,0.0
e3b03086,141,,Atok,6.8,1.0,2.0,0.0
f7c0b47d,85,,Atok,7.2,1.0,2.0,0.0
3902c0b7,36,,Atok,6.4,2.0,2.0,0.0
jan16_0129,24,Strawberry Farm,La Trinidad,6.8,0.0,1.0,1.0
c61bbee9,96,,Atok,7.2,1.0,1.0,0.0
a36b7c4b,135,,Atok,6.8,1.0,2.0,0.0
748aa65f,53,BSU Back,La Trinidad,6.4,0.0,2.0,0.0
deb6e9fa,41,BSU Back,La Trinidad,,1.0,2.0,0.0
83b5bbbb,87,,Atok,7.2,0.0,2.0,0.0
7e9171eb,110,,Atok,6.4,1.0,0.0,0.0
jan16_0066,17,Strawberry Farm,La Trinidad,6.8,1.0,0.0,0.0
13418f60,7,BSU Back,La Trinidad,6.4,1.0,1.0,0.0
eaf22492,10,SF,La Trinidad,6.4,0.0,0.0,0.0
9e352d1f,72,,Atok,7.2,1.0,1.0,0.0
6a46f9d8,26,BSU Back,La Trinidad,7.2,0.0,2.0,0.0
d75461a4,37,BSU Back,La Trinidad,7.2,0.0,2.0,0.0
48b6ac60,9,BSU Back,La Trinidad,6.4,0.0,0.0,0.0
c13df78c,76,,Atok,7.2,1.0,2.0,0.0
9e02c0b0,53,BSU Back,La Trinidad,6.4,0.0,2.0,0.0
1ce76b16,82,,Atok,6.8,1.0,1.0,0.0
c440348c,6,BSU Back,La Trinidad,6.4,0.0,0.0,0.0
8d9f6fa3,49,BSU Back,La Trinidad,6.4,0.0,2.0,0.0
jan16_0140,26,Strawberry Farm,La Trinidad,7.2,0.0,0.0,0.0
f039d994,6,BSU Back,La Trinidad,6.4,0.0,0.0,0.0
783aaf4f,88,,Atok,6.8,0.0,2.0,0.0
e4d61237,58,BSU Back,La Trinidad,,1.0,1.0,0.0
ece5a8b0,60,,Atok,7.2,1.0,1.0,0.0
bb079fec,99,,Atok,6.8,0.0,1.0,0.0
d711c89a,148,,Atok,6.8,1.0,2.0,0.0
9b180017,31,BSU Back,La Trinidad,7.2,1.0,1.0,0.0
8e4e3051,57,BSU Back,La Trinidad,6.4,1.0,2.0,0.0
735da657,6,BSU Back,La Trinidad,6.4,0.0,0.0,0.0
a1b1f842,60,,Atok,7.2,1.0,1.0,0.0
2975446a,56,,Atok,7.2,2.0,2.0,0.0
39ca162d,56,BSU Back,La Trinidad,6.4,1.0,2.0,0.0
333d5cd6,38,BSU Back,La Trinidad,6.4,0.0,0.0,0.0
jan16_0074,18,Strawberry Farm,La Trinidad,6.8,0.0,0.0,0.0
72882062,81,,Atok,6.8,1.0,1.0,0.0
44b60c6f,166,,Atok,6.8,1.0,0.0,0.0
90b34e69,180,,Atok,7.2,,1.0,0.0
7efc055a,81,,Atok,6.8,1.0,1.0,0.0
8c30cd15,47,BSU Back,La Trinidad,,0.0,2.0,0.0
a1ffc6f7,20,BSU Back,La Trinidad,6.4,0.0,2.0,0.0
4c2520cf,4,BSU Back,La Trinidad,6.4,0.0,0.0,0.0
4e078f51,166,,Atok,6.8,1.0,0.0,0.0
20346071,30,,Atok,5.8,1.0,0.0,0.0
9d56d991,83,,Atok,6.8,1.0,1.0,0.0
jan16_0149,27,Strawberry Farm,La Trinidad,6.8,1.0,0.0,0.0
4cb59c6d,37,BSU Back,La Trinidad,7.2,0.0,2.0,0.0
17bd4cb5,56,BSU Back,La Trinidad,6.4,1.0,2.0,0.0
66ab84ad,110,,Atok,6.4,1.0,0.0,0.0
19c04bb1,45,BSU Back,La Trinidad,6.4,0.0,2.0,0.0
jan16_0159,28,Strawberry Farm,La Trinidad,6.8,1.0,0.0,1.0
e6145cf3,11,BSU Back,La Trinidad,5.8,1.0,0.0,0.0
3afb78cb,13,BSU Back,La Trinidad,5.8,0.0,0.0,0.0
jan16_0182,4,Strawberry Farm,La Trinidad,6.8,0.0,0.0,0.0
41c1951b,17,BSU Back,La Trinidad,5.8,1.0,0.0,0.0
jan16_0077,18,Strawberry Farm,La Trinidad,6.8,0.0,0.0,0.0
dc8968d2,9,BSU Back,La Trinidad,6.4,0.0,0.0,0.0
9cf8a8c3,117,,Atok,6.8,1.0,2.0,0.0
93e65e92,52,BSU Back,La Trinidad,6.4,0.0,2.0,0.0
c5c6c78b,104,,Atok,7.2,0.0,0.0,0.0
d58ec911,21,BSU Back,La Trinidad,6.4,0.0,2.0,0.0
jan16_0172,3,Strawberry Farm,La Trinidad,6.0,0.0,0.0,0.0
2cb2224f,108,,Atok,6.8,1.0,0.0,0.0
87a4ec06,176,,Atok,5.4,1.0,2.0,0.0
6a4d8fb4,3,,Atok,6.4,2.0,1.0,0.0
27547ad7,6,BSU Back,La Trinidad,6.4,0.0,0.0,0.0
fa7addeb,5,BSU Back,La Trinidad,6.8,0.0,0.0,0.0
e43f177c,46,,Atok,7.2,1.0,2.0,0.0
e19ffe61,6,BSU Back,La Trinidad,6.4,0.0,0.0,0.0
f0dc644a,12,SF,La Trinidad,6.4,0.0,1.0,0.0
0458bc74,3,BSU Back,La Trinidad,6.4,0.0,0.0,0.0
0363d94c,119,,Atok,6.8,1.0,1.0,0.0
3b811a52,149,,Atok,7.2,2.0,1.0,0.0
644396c2,44,,Atok,7.2,2.0,2.0,0.0
fbdbbfbb,50,BSU Back,La Trinidad,6.4,0.0,2.0,0.0
858364db,32,BSU Back,La Trinidad,6.8,0.0,2.0,0.0
jan16_0037,14,Strawberry Farm,La Trinidad,6.4,0.0,0.0,0.0
fe474abf,90,,Atok,7.2,0.0,2.0,0.0
64f8fc74,20,,Atok,6.0,2.0,1.0,0.0
f176d067,169,,Atok,5.4,1.0,2.0,0.0
9dadb057,53,BSU Back,La Trinidad,6.4,0.0,2.0,0.0
jan16_0184,4,Strawberry Farm,La Trinidad,6.8,0.0,0.0,0.0
73cbe547,31,BSU Back,La Trinidad,7.2,1.0,1.0,0.0
83a87945,1,,Atok,6.4,2.0,0.0,0.0
ac29a57f,64,BSU Back,La Trinidad,,0.0,2.0,0.0
82752846,16,,Atok,7.2,2.0,0.0,1.0
3112fdf2,176,,Atok,5.4,1.0,2.0,0.0
5a5bb744,53,BSU Back,La Trinidad,6.4,0.0,2.0,0.0
3404efb8,75,,Atok,7.2,1.0,0.0,0.0
7da7217a,164,,Atok,6.8,1.0,1.0,0.0
f355a284,56,BSU Back,La Trinidad,6.4,1.0,2.0,0.0
jan16_0075,18,Strawberry Farm,La Trinidad,6.8,0.0,0.0,0.0
f69f0b99,51,BSU Back,La Trinidad,6.4,0.0,2.0,0.0
0405644a,3,BSU Back,La Trinidad,6.4,0.0,0.0,0.0
f488e40f,15,SF,La Trinidad,6.8,0.0,0.0,0.0
3babe1d7,12,SF,La Trinidad,6.4,0.0,1.0,0.0
f2d18c40,45,,Atok,6.8,2.0,2.0,0.0
jan16_0050,15,Strawberry Farm,La Trinidad,6.8,0.0,0.0,0.0
eeb9144f,37,BSU Back,La Trinidad,7.2,0.0,2.0,0.0
jan16_0052,15,Strawberry Farm,La Trinidad,6.8,0.0,0.0,0.0
b6e803cd,52,,Atok,6.8,2.0,2.0,0.0
1ea96919,10,,La Trinidad,6.4,0.0,0.0,0.0
0a52542f,16,SF,La Trinidad,6.0,0.0,0.0,0.0
82aef4e5,27,,Atok,6.4,2.0,2.0,0.0
59f748d1,4,,Atok,6.4,2.0,1.0,1.0
4df6a355,6,BSU Back,La Trinidad,6.4,0.0,0.0,0.0
5928928b,34,,Atok,6.4,1.0,2.0,0.0
3f321e6e,24,SF,La Trinidad,6.8,0.0,1.0,1.0
ca6682cd,63,BSU Back,La Trinidad,,0.0,2.0,0.0
84797c49,17,,Atok,6.4,2.0,0.0,0.0
1d33731b,56,BSU Back,La Trinidad,6.4,1.0,2.0,0.0
13317135,54,BSU Back,La Trinidad,6.4,0.0,2.0,0.0
ef5038b7,142,,Atok,6.4,1.0,2.0,0.0
9d968873,36,,Atok,6.4,2.0,2.0,0.0
b3472fb2,30,,Atok,5.8,1.0,0.0,0.0
0a345b98,11,BSU Back,La Trinidad,5.8,1.0,0.0,0.0
1fa4a319,22,SF,La Trinidad,6.4,0.0,0.0,0.0
dfb2a736,161,,Atok,6.4,1.0,0.0,0.0
8b4d8f40,23,,Atok,6.4,2.0,0.0,0.0
4132f226,10,BSU Back,La Trinidad,6.4,0.0,0.0,0.0
b7c89e2f,47,,Atok,7.2,2.0,0.0,0.0
3552c9db,42,,Atok,6.8,2.0,1.0,0.0
